Protein,Element,Start residue,End residue,Residue count
LNG,E1,9,13,5
LNG,H1,16,28,13
LNG,E2,34,42,9
LNG,E3,45,53,9
LNG,H2,57,74,18
LNG,E4,78,83,6
XM2H,E1,2,8,7
XM2H,H1,13,30,18
XM2H,E2,36,42,7
XM2H,E3,45,51,7
XM2H,H2,57,76,20
XM2H,E4,82,88,7
AM2M,E1,2,7,6
AM2M,H1,13,28,16
AM2M,E2,34,42,9
AM2M,E3,45,53,9
AM2M,H2,57,77,21
AM2M,E4,84,89,6
Pol IV LF,E1,243,254,12
Pol IV LF,H1,257,278,22
Pol IV LF,E2,286,293,8
Pol IV LF,E3,298,304,7
Pol IV LF,H2,310,324,15
Pol IV LF,E4,330,338,9
Dbh LF,E1,246,256,11
Dbh LF,H1,259,275,17
Dbh LF,E2,283,290,8
Dbh LF,E3,294,301,8
Dbh LF,H2,308,323,16
Dbh LF,E4,331,339,9
