4r8u_LF	AF-P58963-F1-model_v6	1.006E+00	9.963E-01	3.288E-01	9.982E-01	1.000	6.793E-22
4r8u_LF	AF-P59477-F1-model_v6	1.005E+00	9.963E-01	3.101E-01	9.991E-01	1.000	9.381E-22
4r8u_LF	AF-A7ZHZ2-F1-model_v6	1.005E+00	9.959E-01	3.101E-01	9.981E-01	1.000	9.381E-22
4r8u_LF	AF-A7ZWJ6-F1-model_v6	1.005E+00	9.959E-01	3.101E-01	9.984E-01	1.000	9.381E-22
4r8u_LF	AF-Q0TL85-F1-model_v6	1.005E+00	9.962E-01	3.101E-01	9.981E-01	1.000	1.139E-21
4r8u_LF	AF-Q47155-F1-model_v6	1.005E+00	9.961E-01	3.101E-01	9.984E-01	1.000	1.215E-21
4r8u_LF	AF-Q83M86-F1-model_v6	1.005E+00	9.960E-01	3.101E-01	9.982E-01	1.000	1.296E-21
4r8u_LF	AF-B1J100-F1-model_v6	1.005E+00	9.960E-01	3.101E-01	9.983E-01	1.000	1.296E-21
4r8u_LF	AF-Q1RFU0-F1-model_v6	1.005E+00	9.962E-01	3.101E-01	9.981E-01	1.000	1.382E-21
4r8u_LF	AF-A1A7U2-F1-model_v6	1.005E+00	9.963E-01	3.101E-01	9.987E-01	1.000	1.474E-21
4r8u_LF	AF-B2U3S3-F1-model_v6	1.006E+00	9.964E-01	3.075E-01	9.983E-01	1.000	1.474E-21
4r8u_LF	AF-Q3Z5A4-F1-model_v6	1.005E+00	9.960E-01	3.101E-01	9.980E-01	1.000	1.677E-21
4r8u_LF	AF-Q8X7Q1-F1-model_v6	1.005E+00	9.961E-01	3.101E-01	9.984E-01	1.000	1.677E-21
4r8u_LF	AF-Q32J17-F1-model_v6	1.006E+00	9.965E-01	3.101E-01	9.984E-01	1.000	1.677E-21
4r8u_LF	AF-P63989-F1-model_v6	1.005E+00	9.957E-01	3.100E-01	9.965E-01	1.000	9.584E-21
4r8u_LF	AF-A8AKQ2-F1-model_v6	1.005E+00	9.960E-01	3.101E-01	9.979E-01	1.000	1.241E-20
4r8u_LF	AF-Q5PF76-F1-model_v6	1.005E+00	9.960E-01	3.101E-01	9.966E-01	1.000	1.241E-20
4r8u_LF	AF-A9MNS1-F1-model_v6	1.005E+00	9.963E-01	3.101E-01	9.973E-01	1.000	1.606E-20
4r8u_LF	AF-Q57SU1-F1-model_v6	1.005E+00	9.956E-01	3.100E-01	9.960E-01	1.000	1.828E-20
4r8u_LF	AF-A9MY13-F1-model_v6	1.005E+00	9.960E-01	3.101E-01	9.961E-01	1.000	1.950E-20
4r8u_LF	AF-P63990-F1-model_v6	1.005E+00	9.960E-01	3.101E-01	9.958E-01	1.000	2.080E-20
4r8u_LF	AF-A7MEN4-F1-model_v6	1.005E+00	9.959E-01	3.101E-01	9.978E-01	1.000	4.813E-20
4r8u_LF	AF-A4W6W8-F1-model_v6	1.001E+00	9.921E-01	3.087E-01	9.860E-01	1.000	6.647E-20
4r8u_LF	AF-A1JNY3-F1-model_v6	1.004E+00	9.944E-01	3.090E-01	9.923E-01	1.000	2.750E-19
4r8u_LF	AF-Q6D1H8-F1-model_v6	1.002E+00	9.934E-01	3.089E-01	9.908E-01	1.000	7.243E-19
4r8u_LF	AF-A8GAC8-F1-model_v6	9.999E-01	9.908E-01	3.076E-01	9.810E-01	1.000	5.245E-19
4r8u_LF	AF-Q66DZ7-F1-model_v6	1.002E+00	9.928E-01	3.088E-01	9.891E-01	1.000	1.473E-18
4r8u_LF	AF-Q1CLD4-F1-model_v6	1.003E+00	9.938E-01	3.089E-01	9.901E-01	1.000	1.788E-18
4r8u_LF	AF-A7FLI9-F1-model_v6	1.003E+00	9.934E-01	3.089E-01	9.894E-01	1.000	1.908E-18
4r8u_LF	AF-Q8ZBZ9-F1-model_v6	1.003E+00	9.935E-01	3.089E-01	9.897E-01	1.000	1.908E-18
4r8u_LF	AF-Q1C4D9-F1-model_v6	1.002E+00	9.932E-01	3.089E-01	9.887E-01	1.000	2.470E-18
4r8u_LF	AF-A4TPK8-F1-model_v6	1.002E+00	9.930E-01	3.088E-01	9.879E-01	1.000	3.410E-18
4r8u_LF	AF-Q7N7B6-F1-model_v6	1.003E+00	9.941E-01	3.099E-01	9.925E-01	1.000	4.709E-18
4r8u_LF	AF-Q15YP8-F1-model_v6	9.787E-01	9.612E-01	2.998E-01	9.140E-01	1.000	5.590E-13
4r8u_LF	AF-Q87MB4-F1-model_v6	9.649E-01	9.563E-01	3.009E-01	8.990E-01	1.000	3.795E-13
4r8u_LF	AF-A5F5Y1-F1-model_v6	9.548E-01	9.464E-01	2.945E-01	8.869E-01	1.000	1.380E-12
4r8u_LF	AF-Q9KPS5-F1-model_v6	9.553E-01	9.468E-01	2.945E-01	8.868E-01	1.000	1.906E-12
4r8u_LF	AF-Q8DBI7-F1-model_v6	9.600E-01	9.515E-01	3.002E-01	8.961E-01	1.000	7.393E-12
4r8u_LF	AF-Q487H6-F1-model_v6	9.664E-01	9.406E-01	2.980E-01	8.836E-01	1.000	8.973E-12
4r8u_LF	AF-C3LQ59-F1-model_v6	9.538E-01	9.453E-01	2.944E-01	8.872E-01	1.000	8.412E-12
4r8u_LF	AF-Q7MID6-F1-model_v6	9.584E-01	9.499E-01	3.000E-01	8.920E-01	1.000	1.604E-11
4r8u_LF	AF-Q65TG8-F1-model_v6	9.234E-01	9.153E-01	2.922E-01	8.649E-01	1.000	8.973E-12
4r8u_LF	AF-A6WRW5-F1-model_v6	9.583E-01	9.413E-01	2.949E-01	8.766E-01	1.000	2.077E-11
4r8u_LF	AF-Q8EHU9-F1-model_v6	9.591E-01	9.421E-01	2.958E-01	8.779E-01	1.000	3.059E-11
4r8u_LF	AF-A3QGY9-F1-model_v6	9.551E-01	9.383E-01	2.936E-01	8.706E-01	1.000	2.521E-11
4r8u_LF	AF-A9L0T3-F1-model_v6	9.590E-01	9.420E-01	2.950E-01	8.745E-01	1.000	3.059E-11
4r8u_LF	AF-B0BPX9-F1-model_v6	9.456E-01	9.373E-01	2.961E-01	8.797E-01	1.000	3.263E-11
4r8u_LF	AF-A3N148-F1-model_v6	9.495E-01	9.411E-01	2.966E-01	8.716E-01	1.000	3.713E-11
4r8u_LF	AF-Q086K1-F1-model_v6	9.522E-01	9.354E-01	2.930E-01	8.715E-01	1.000	4.506E-11
4r8u_LF	AF-A8H771-F1-model_v6	9.380E-01	9.217E-01	2.921E-01	8.653E-01	1.000	3.481E-11
4r8u_LF	AF-B8F542-F1-model_v6	9.356E-01	9.275E-01	2.944E-01	8.492E-01	1.000	2.689E-11
4r8u_LF	AF-Q0HY21-F1-model_v6	9.584E-01	9.414E-01	2.941E-01	8.776E-01	1.000	6.638E-11
4r8u_LF	AF-A3D147-F1-model_v6	9.432E-01	9.267E-01	2.930E-01	8.635E-01	1.000	4.225E-11
4r8u_LF	AF-A1RMZ5-F1-model_v6	9.601E-01	9.431E-01	2.951E-01	8.773E-01	1.000	7.553E-11
4r8u_LF	AF-A0KTR5-F1-model_v6	9.573E-01	9.403E-01	2.940E-01	8.752E-01	1.000	7.553E-11
4r8u_LF	AF-Q0HLP0-F1-model_v6	9.420E-01	9.256E-01	2.919E-01	8.626E-01	1.000	9.778E-11
4r8u_LF	AF-A1S8M3-F1-model_v6	9.555E-01	9.386E-01	2.969E-01	8.833E-01	1.000	1.865E-10
4r8u_LF	AF-B0TQD1-F1-model_v6	9.381E-01	9.217E-01	2.922E-01	8.659E-01	1.000	1.440E-10
4r8u_LF	AF-Q12Q05-F1-model_v6	9.575E-01	9.406E-01	2.944E-01	8.716E-01	1.000	2.122E-10
4r8u_LF	AF-A8FYV3-F1-model_v6	9.547E-01	9.379E-01	2.927E-01	8.752E-01	1.000	2.122E-10
4r8u_LF	AF-A0KHD5-F1-model_v6	9.185E-01	8.948E-01	2.936E-01	8.527E-01	1.000	9.778E-11
4r8u_LF	AF-B1KD33-F1-model_v6	9.564E-01	9.395E-01	2.899E-01	8.748E-01	1.000	2.414E-10
4r8u_LF	AF-Q9CNG4-F1-model_v6	9.371E-01	9.288E-01	2.952E-01	8.650E-01	1.000	1.639E-10
4r8u_LF	AF-Q8XZ19-F1-model_v6	9.392E-01	9.146E-01	2.905E-01	8.320E-01	1.000	1.293E-09
4r8u_LF	AF-Q3II35-F1-model_v6	9.298E-01	8.978E-01	2.920E-01	8.154E-01	1.000	2.466E-09
4r8u_LF	AF-Q5ZY20-F1-model_v6	9.076E-01	8.844E-01	2.872E-01	8.051E-01	1.000	1.674E-09
4r8u_LF	AF-Q5WYY8-F1-model_v6	9.161E-01	8.925E-01	2.883E-01	8.060E-01	1.000	2.032E-09
4r8u_LF	AF-Q5X7J1-F1-model_v6	9.080E-01	8.848E-01	2.873E-01	8.035E-01	1.000	2.032E-09
4r8u_LF	AF-A5IH02-F1-model_v6	9.098E-01	8.865E-01	2.875E-01	8.049E-01	1.000	2.168E-09
4r8u_LF	AF-A6W1V6-F1-model_v6	8.982E-01	8.829E-01	2.895E-01	7.606E-01	1.000	1.212E-09
4r8u_LF	AF-B0TZS5-F1-model_v6	9.310E-01	8.985E-01	2.906E-01	8.292E-01	1.000	9.567E-09
4r8u_LF	AF-A0Q6K9-F1-model_v6	9.341E-01	9.014E-01	2.917E-01	8.287E-01	1.000	1.604E-08
4r8u_LF	AF-B2SH34-F1-model_v6	9.378E-01	9.049E-01	2.924E-01	8.363E-01	1.000	2.214E-08
4r8u_LF	AF-Q2A3L2-F1-model_v6	9.343E-01	9.016E-01	2.917E-01	8.344E-01	1.000	2.362E-08
4r8u_LF	AF-A7NC07-F1-model_v6	9.351E-01	9.024E-01	2.918E-01	8.330E-01	1.000	2.520E-08
4r8u_LF	AF-Q0BM23-F1-model_v6	9.354E-01	9.026E-01	2.918E-01	8.335E-01	1.000	3.058E-08
4r8u_LF	AF-Q6MA55-F1-model_v6	8.862E-01	8.637E-01	2.860E-01	7.799E-01	1.000	8.969E-09
4r8u_LF	AF-A3CKU4-F1-model_v6	8.331E-01	8.121E-01	2.742E-01	7.277E-01	1.000	3.875E-09
4r8u_LF	AF-Q64X95-F1-model_v6	8.348E-01	8.141E-01	2.673E-01	7.262E-01	1.000	4.134E-09
4r8u_LF	AF-A6VA50-F1-model_v6	9.009E-01	8.777E-01	2.898E-01	7.837E-01	1.000	2.867E-08
4r8u_LF	AF-Q9I534-F1-model_v6	8.998E-01	8.767E-01	2.898E-01	7.784E-01	1.000	3.058E-08
4r8u_LF	AF-Q88NK4-F1-model_v6	8.976E-01	8.746E-01	2.855E-01	7.790E-01	1.000	3.262E-08
4r8u_LF	AF-Q8XK37-F1-model_v6	8.522E-01	8.442E-01	2.782E-01	7.493E-01	1.000	1.089E-08
4r8u_LF	AF-Q0SSQ2-F1-model_v6	8.518E-01	8.443E-01	2.783E-01	7.494E-01	1.000	1.089E-08
4r8u_LF	AF-Q87Y22-F1-model_v6	9.057E-01	8.823E-01	2.876E-01	7.815E-01	1.000	3.959E-08
4r8u_LF	AF-Q3KH18-F1-model_v6	9.011E-01	8.779E-01	2.866E-01	7.778E-01	1.000	4.223E-08
4r8u_LF	AF-Q0TQ38-F1-model_v6	8.511E-01	8.430E-01	2.782E-01	7.477E-01	1.000	1.321E-08
4r8u_LF	AF-A8AUV7-F1-model_v6	8.340E-01	8.129E-01	2.745E-01	7.284E-01	1.000	7.883E-09
4r8u_LF	AF-A5VZT3-F1-model_v6	8.972E-01	8.742E-01	2.855E-01	7.778E-01	1.000	5.467E-08
4r8u_LF	AF-Q8DQZ7-F1-model_v6	8.261E-01	7.993E-01	2.721E-01	7.220E-01	1.000	1.021E-08
4r8u_LF	AF-Q4ZWM4-F1-model_v6	9.060E-01	8.826E-01	2.869E-01	7.807E-01	1.000	8.590E-08
4r8u_LF	AF-Q02I83-F1-model_v6	8.990E-01	8.759E-01	2.896E-01	7.810E-01	1.000	8.590E-08
4r8u_LF	AF-B0KTK6-F1-model_v6	8.949E-01	8.721E-01	2.852E-01	7.767E-01	1.000	7.550E-08
4r8u_LF	AF-Q04M21-F1-model_v6	8.231E-01	7.964E-01	2.718E-01	7.207E-01	1.000	1.239E-08
4r8u_LF	AF-A6QIC3-F1-model_v6	8.372E-01	8.306E-01	2.779E-01	7.347E-01	1.000	1.946E-08
4r8u_LF	AF-A5IU61-F1-model_v6	8.362E-01	8.297E-01	2.778E-01	7.356E-01	1.000	2.214E-08
4r8u_LF	AF-Q48FB2-F1-model_v6	9.059E-01	8.825E-01	2.876E-01	7.789E-01	1.000	1.112E-07
4r8u_LF	AF-A7X420-F1-model_v6	8.377E-01	8.312E-01	2.780E-01	7.351E-01	1.000	2.362E-08
4r8u_LF	AF-B9DMT3-F1-model_v6	8.342E-01	8.268E-01	2.781E-01	7.368E-01	1.000	2.362E-08
4r8u_LF	AF-Q49YT9-F1-model_v6	8.353E-01	8.284E-01	2.783E-01	7.395E-01	1.000	2.362E-08
4r8u_LF	AF-A1U339-F1-model_v6	8.743E-01	8.669E-01	2.839E-01	7.845E-01	1.000	8.590E-08
4r8u_LF	AF-P63991-F1-model_v6	8.375E-01	8.309E-01	2.779E-01	7.360E-01	1.000	2.688E-08
4r8u_LF	AF-Q6G838-F1-model_v6	8.313E-01	8.244E-01	2.779E-01	7.469E-01	1.000	3.058E-08
4r8u_LF	AF-Q9CE21-F1-model_v6	8.351E-01	8.283E-01	2.729E-01	7.457E-01	1.000	3.058E-08
4r8u_LF	AF-Q5HEM7-F1-model_v6	8.387E-01	8.316E-01	2.781E-01	7.376E-01	1.000	3.058E-08
4r8u_LF	AF-Q97SC7-F1-model_v6	8.246E-01	7.976E-01	2.719E-01	7.205E-01	1.000	2.076E-08
4r8u_LF	AF-A7Z6F3-F1-model_v6	8.304E-01	7.556E-01	2.201E-01	7.315E-01	1.000	2.867E-08
4r8u_LF	AF-P63992-F1-model_v6	8.380E-01	8.315E-01	2.780E-01	7.361E-01	1.000	3.479E-08
4r8u_LF	AF-Q92XH8-F1-model_v6	7.939E-01	7.875E-01	2.700E-01	6.959E-01	1.000	1.021E-08
4r8u_LF	AF-Q1I6D5-F1-model_v6	8.770E-01	8.549E-01	2.829E-01	7.731E-01	1.000	1.112E-07
4r8u_LF	AF-Q6GFG2-F1-model_v6	8.387E-01	8.319E-01	2.781E-01	7.373E-01	1.000	5.467E-08
4r8u_LF	AF-P58964-F1-model_v6	8.351E-01	8.274E-01	2.777E-01	7.343E-01	1.000	5.125E-08
4r8u_LF	AF-A2RNH9-F1-model_v6	8.245E-01	8.178E-01	2.704E-01	7.396E-01	1.000	4.805E-08
4r8u_LF	AF-Q8DVR7-F1-model_v6	8.222E-01	7.813E-01	2.543E-01	7.068E-01	1.000	2.688E-08
4r8u_LF	AF-A6U2Z9-F1-model_v6	8.325E-01	8.249E-01	2.774E-01	7.324E-01	1.000	5.125E-08
4r8u_LF	AF-Q4L7K8-F1-model_v6	8.306E-01	8.238E-01	2.758E-01	7.299E-01	1.000	4.805E-08
4r8u_LF	AF-Q8CNP3-F1-model_v6	8.411E-01	8.342E-01	2.788E-01	7.367E-01	1.000	6.635E-08
4r8u_LF	AF-Q5HN39-F1-model_v6	8.416E-01	8.347E-01	2.790E-01	7.355E-01	1.000	6.635E-08
4r8u_LF	AF-Q7USY7-F1-model_v6	8.290E-01	8.018E-01	2.442E-01	7.343E-01	1.000	5.832E-08
4r8u_LF	AF-Q98NW7-F1-model_v6	8.160E-01	7.886E-01	2.568E-01	6.997E-01	1.000	3.058E-08
4r8u_LF	AF-Q8E3I8-F1-model_v6	8.336E-01	8.128E-01	2.674E-01	7.200E-01	1.000	5.467E-08
4r8u_LF	AF-Q8DXW9-F1-model_v6	8.348E-01	8.140E-01	2.676E-01	7.183E-01	1.000	5.467E-08
4r8u_LF	AF-Q8UJK7-F1-model_v6	8.283E-01	8.005E-01	2.633E-01	7.120E-01	1.000	5.125E-08
4r8u_LF	AF-A1WY69-F1-model_v6	7.857E-01	7.606E-01	2.586E-01	6.644E-01	1.000	1.239E-08
4r8u_LF	AF-Q3JZG9-F1-model_v6	8.343E-01	8.134E-01	2.676E-01	7.192E-01	1.000	7.078E-08
4r8u_LF	AF-Q635E0-F1-model_v6	8.228E-01	7.482E-01	2.184E-01	7.227E-01	1.000	6.635E-08
4r8u_LF	AF-Q18A91-F1-model_v6	8.285E-01	8.008E-01	2.614E-01	7.117E-01	1.000	6.220E-08
4r8u_LF	AF-Q6AL48-F1-model_v6	8.440E-01	8.157E-01	2.576E-01	7.206E-01	1.000	9.163E-08
4r8u_LF	AF-Q9AK82-F1-model_v6	7.978E-01	7.914E-01	2.018E-01	7.031E-01	1.000	3.711E-08
4r8u_LF	AF-Q8UFV3-F1-model_v6	8.339E-01	8.071E-01	2.404E-01	7.232E-01	1.000	8.590E-08
4r8u_LF	AF-Q1JK63-F1-model_v6	8.353E-01	7.935E-01	2.607E-01	7.086E-01	1.000	8.590E-08
4r8u_LF	AF-Q02WA3-F1-model_v6	8.242E-01	8.175E-01	2.703E-01	7.420E-01	1.000	1.265E-07
4r8u_LF	AF-Q81M86-F1-model_v6	8.221E-01	7.421E-01	2.179E-01	7.218E-01	1.000	9.774E-08
4r8u_LF	AF-A4XT24-F1-model_v6	8.373E-01	8.162E-01	2.726E-01	7.173E-01	1.000	1.186E-07
4r8u_LF	AF-Q1JA16-F1-model_v6	8.369E-01	7.955E-01	2.609E-01	7.097E-01	1.000	1.043E-07
4r8u_LF	AF-Q818U9-F1-model_v6	8.223E-01	7.491E-01	2.184E-01	7.185E-01	1.000	9.774E-08
4r8u_LF	AF-Q92QM8-F1-model_v6	8.375E-01	8.114E-01	2.271E-01	7.372E-01	1.000	1.638E-07
4r8u_LF	AF-B1YK83-F1-model_v6	8.016E-01	7.951E-01	2.680E-01	7.117E-01	1.000	7.078E-08
4r8u_LF	AF-A2RCQ1-F1-model_v6	8.340E-01	7.934E-01	2.607E-01	7.077E-01	1.000	1.043E-07
4r8u_LF	AF-Q5XA48-F1-model_v6	8.371E-01	7.942E-01	2.608E-01	7.092E-01	1.000	1.186E-07
4r8u_LF	AF-Q1JF59-F1-model_v6	8.351E-01	7.939E-01	2.607E-01	7.082E-01	1.000	1.265E-07
4r8u_LF	AF-Q03J54-F1-model_v6	8.107E-01	7.912E-01	2.612E-01	6.969E-01	1.000	7.550E-08
4r8u_LF	AF-P54545-F1-model_v6	8.314E-01	7.563E-01	2.201E-01	7.284E-01	1.000	1.638E-07
4r8u_LF	AF-Q98LV1-F1-model_v6	8.362E-01	8.091E-01	2.234E-01	7.357E-01	1.000	1.988E-07
4r8u_LF	AF-Q0A4X2-F1-model_v6	7.834E-01	7.579E-01	2.593E-01	6.670E-01	1.000	3.479E-08
4r8u_LF	AF-B2UKN1-F1-model_v6	8.242E-01	8.171E-01	2.721E-01	7.128E-01	1.000	1.350E-07
4r8u_LF	AF-Q73P36-F1-model_v6	8.397E-01	7.843E-01	2.365E-01	7.073E-01	1.000	1.638E-07
4r8u_LF	AF-Q9KCU7-F1-model_v6	8.255E-01	7.509E-01	2.202E-01	7.199E-01	1.000	1.638E-07
4r8u_LF	AF-Q71Y46-F1-model_v6	8.194E-01	7.998E-01	2.718E-01	7.302E-01	1.000	1.864E-07
4r8u_LF	AF-Q8Y5T0-F1-model_v6	8.187E-01	7.993E-01	2.721E-01	7.312E-01	1.000	1.864E-07
4r8u_LF	AF-Q8F8Q2-F1-model_v6	8.131E-01	7.928E-01	2.596E-01	7.062E-01	1.000	1.186E-07
4r8u_LF	AF-Q5M2Y5-F1-model_v6	8.091E-01	7.898E-01	2.610E-01	6.955E-01	1.000	9.774E-08
4r8u_LF	AF-A0AK80-F1-model_v6	8.197E-01	7.982E-01	2.720E-01	7.304E-01	1.000	2.121E-07
4r8u_LF	AF-Q3ZWB2-F1-model_v6	8.517E-01	8.232E-01	2.477E-01	7.478E-01	1.000	3.792E-07
4r8u_LF	AF-B8DBV7-F1-model_v6	8.181E-01	7.983E-01	2.721E-01	7.268E-01	1.000	2.262E-07
4r8u_LF	AF-Q48RJ4-F1-model_v6	8.379E-01	7.969E-01	2.610E-01	7.098E-01	1.000	2.262E-07
4r8u_LF	AF-P0DA79-F1-model_v6	8.269E-01	7.864E-01	2.573E-01	6.945E-01	1.000	1.536E-07
4r8u_LF	AF-B8FBE8-F1-model_v6	8.200E-01	7.942E-01	2.437E-01	7.390E-01	1.000	2.746E-07
4r8u_LF	AF-Q8FW50-F1-model_v6	8.344E-01	8.072E-01	2.198E-01	7.311E-01	1.000	2.929E-07
4r8u_LF	AF-Q8YC76-F1-model_v6	8.333E-01	8.065E-01	2.196E-01	7.288E-01	1.000	2.929E-07
4r8u_LF	AF-Q92A40-F1-model_v6	8.248E-01	8.048E-01	2.716E-01	7.199E-01	1.000	2.413E-07
4r8u_LF	AF-C1KWR9-F1-model_v6	8.240E-01	7.820E-01	2.654E-01	7.235E-01	1.000	2.574E-07
4r8u_LF	AF-P0DA78-F1-model_v6	8.267E-01	7.867E-01	2.573E-01	6.949E-01	1.000	1.638E-07
4r8u_LF	AF-Q72MY7-F1-model_v6	7.926E-01	7.860E-01	2.596E-01	6.913E-01	1.000	1.112E-07
4r8u_LF	AF-Q1J509-F1-model_v6	8.318E-01	7.907E-01	2.602E-01	7.069E-01	1.000	2.413E-07
4r8u_LF	AF-Q8NZI1-F1-model_v6	8.310E-01	7.899E-01	2.601E-01	7.084E-01	1.000	2.574E-07
4r8u_LF	AF-Q3ZAI3-F1-model_v6	8.380E-01	8.100E-01	2.458E-01	7.217E-01	1.000	3.792E-07
4r8u_LF	AF-Q3ABL2-F1-model_v6	8.251E-01	8.184E-01	2.538E-01	7.504E-01	1.000	4.909E-07
4r8u_LF	AF-Q99Y66-F1-model_v6	8.377E-01	7.942E-01	2.609E-01	7.127E-01	1.000	4.044E-07
4r8u_LF	AF-A5FSS1-F1-model_v6	8.528E-01	8.242E-01	2.478E-01	7.512E-01	1.000	8.227E-07
4r8u_LF	AF-P58965-F1-model_v6	8.075E-01	7.815E-01	2.483E-01	7.157E-01	1.000	3.792E-07
4r8u_LF	AF-P9WNT0-F1-model_v6	8.070E-01	7.676E-01	2.686E-01	7.200E-01	1.000	4.314E-07
4r8u_LF	AF-Q5F8N2-F1-model_v6	8.177E-01	7.906E-01	2.673E-01	6.840E-01	1.000	2.929E-07
4r8u_LF	AF-Q5LYC2-F1-model_v6	8.093E-01	7.898E-01	2.611E-01	6.952E-01	1.000	3.124E-07
4r8u_LF	AF-P9WNT1-F1-model_v6	8.073E-01	7.678E-01	2.686E-01	7.211E-01	1.000	4.909E-07
4r8u_LF	AF-A1KUQ3-F1-model_v6	8.165E-01	7.895E-01	2.670E-01	6.829E-01	1.000	3.124E-07
4r8u_LF	AF-P63988-F1-model_v6	8.060E-01	7.670E-01	2.685E-01	7.200E-01	1.000	5.236E-07
4r8u_LF	AF-B5ZBT4-F1-model_v6	7.862E-01	7.555E-01	2.568E-01	7.027E-01	1.000	3.555E-07
4r8u_LF	AF-Q9JRG1-F1-model_v6	8.128E-01	7.860E-01	2.671E-01	6.976E-01	1.000	5.585E-07
4r8u_LF	AF-Q8EQ56-F1-model_v6	8.245E-01	7.498E-01	2.170E-01	7.236E-01	1.000	9.361E-07
4r8u_LF	AF-Q6A763-F1-model_v6	8.264E-01	7.980E-01	2.093E-01	7.339E-01	1.000	1.136E-06
4r8u_LF	AF-Q5FSM8-F1-model_v6	7.417E-01	7.184E-01	2.500E-01	6.698E-01	1.000	1.747E-07
4r8u_LF	AF-Q2RJ46-F1-model_v6	8.180E-01	7.466E-01	2.262E-01	7.190E-01	1.000	9.985E-07
4r8u_LF	AF-Q8REB0-F1-model_v6	7.934E-01	7.678E-01	2.667E-01	7.132E-01	1.000	7.713E-07
4r8u_LF	AF-Q8TIW3-F1-model_v6	8.061E-01	7.424E-01	2.468E-01	6.895E-01	1.000	7.231E-07
4r8u_LF	AF-Q97MB3-F1-model_v6	8.031E-01	7.773E-01	2.411E-01	7.240E-01	1.000	1.136E-06
4r8u_LF	AF-B4SIF5-F1-model_v6	8.121E-01	7.853E-01	2.638E-01	6.940E-01	1.000	9.985E-07
4r8u_LF	AF-Q4UQI2-F1-model_v6	8.268E-01	7.992E-01	2.617E-01	6.984E-01	1.000	1.293E-06
4r8u_LF	AF-A3CSG3-F1-model_v6	7.800E-01	7.675E-01	2.611E-01	6.799E-01	1.000	5.236E-07
4r8u_LF	AF-Q8PT42-F1-model_v6	6.961E-01	6.909E-01	2.410E-01	6.694E-01	1.000	1.440E-07
4r8u_LF	AF-Q9HQT4-F1-model_v6	8.086E-01	7.759E-01	2.308E-01	7.096E-01	1.000	1.212E-06
4r8u_LF	AF-Q97W02-F1-model_v6	8.407E-01	7.634E-01	2.533E-01	6.999E-01	1.000	1.674E-06
4r8u_LF	AF-Q8PCW8-F1-model_v6	8.295E-01	8.017E-01	2.621E-01	6.997E-01	1.000	1.674E-06
4r8u_LF	AF-Q3BP42-F1-model_v6	8.246E-01	7.970E-01	2.614E-01	6.998E-01	1.000	1.569E-06
4r8u_LF	AF-B1AJ79-F1-model_v6	7.916E-01	7.350E-01	2.495E-01	6.965E-01	1.000	9.985E-07
4r8u_LF	AF-Q67QM6-F1-model_v6	7.980E-01	7.729E-01	2.624E-01	6.955E-01	1.000	1.065E-06
4r8u_LF	AF-Q88V07-F1-model_v6	8.307E-01	7.695E-01	2.438E-01	7.091E-01	1.000	1.904E-06
4r8u_LF	AF-B0R4P0-F1-model_v6	8.070E-01	7.739E-01	2.305E-01	7.088E-01	1.000	1.785E-06
4r8u_LF	AF-Q9UBT6-8-F1-model_v6	8.026E-01	7.895E-01	1.271E-01	6.826E-01	1.000	1.136E-06
4r8u_LF	AF-Q9PQ53-F1-model_v6	7.916E-01	7.350E-01	2.495E-01	6.960E-01	1.000	1.674E-06
4r8u_LF	AF-B2FLR2-F1-model_v6	8.168E-01	7.898E-01	2.593E-01	6.948E-01	1.000	2.311E-06
4r8u_LF	AF-P34409-2-F1-model_v6	7.831E-01	7.707E-01	2.081E-01	6.989E-01	1.000	1.674E-06
4r8u_LF	AF-Q6FFG4-F1-model_v6	8.086E-01	7.819E-01	2.674E-01	6.953E-01	1.000	2.311E-06
4r8u_LF	AF-Q9UBT6-F1-model_v6	8.013E-01	7.881E-01	1.143E-01	6.846E-01	1.000	1.904E-06
4r8u_LF	AF-A4VZ21-F1-model_v6	7.125E-01	6.967E-01	2.502E-01	6.450E-01	1.000	4.602E-07
4r8u_LF	AF-Q6JDV7-3-F1-model_v6	8.162E-01	7.544E-01	1.412E-01	6.941E-01	1.000	3.404E-06
4r8u_LF	AF-Q9QUG2-2-F1-model_v6	7.995E-01	7.865E-01	1.337E-01	6.757E-01	1.000	2.311E-06
4r8u_LF	AF-A8MGJ5-F1-model_v6	8.140E-01	7.356E-01	2.242E-01	7.083E-01	1.000	4.701E-06
4r8u_LF	AF-Q6JDV7-2-F1-model_v6	7.027E-01	6.664E-01	2.146E-01	6.386E-01	1.000	4.602E-07
4r8u_LF	AF-Q9A5I1-F1-model_v6	7.328E-01	7.103E-01	2.241E-01	6.466E-01	1.000	8.227E-07
4r8u_LF	AF-Q2P7M9-F1-model_v6	7.688E-01	7.447E-01	2.506E-01	6.532E-01	1.000	1.569E-06
4r8u_LF	AF-A5N2U5-F1-model_v6	7.834E-01	7.649E-01	2.363E-01	7.084E-01	1.000	4.132E-06
4r8u_LF	AF-Q8PYH6-F1-model_v6	8.149E-01	7.548E-01	2.468E-01	6.880E-01	1.000	4.701E-06
4r8u_LF	AF-A9A3A9-F1-model_v6	7.833E-01	7.449E-01	2.479E-01	6.813E-01	1.000	4.132E-06
4r8u_LF	AF-A3DH61-F1-model_v6	8.092E-01	7.635E-01	2.330E-01	7.052E-01	1.000	7.387E-06
4r8u_LF	AF-Q8PGJ4-F1-model_v6	7.537E-01	7.307E-01	2.507E-01	6.328E-01	1.000	1.569E-06
4r8u_LF	AF-B1ZN03-F1-model_v6	7.679E-01	7.443E-01	2.371E-01	6.740E-01	1.000	3.873E-06
4r8u_LF	AF-P54560-F1-model_v6	8.109E-01	7.404E-01	2.195E-01	6.914E-01	1.000	8.405E-06
4r8u_LF	AF-Q8NNP4-F1-model_v6	7.929E-01	7.864E-01	2.066E-01	6.955E-01	1.000	6.925E-06
4r8u_LF	AF-A5D243-F1-model_v6	8.226E-01	7.424E-01	2.227E-01	7.062E-01	1.000	1.321E-05
4r8u_LF	AF-A4QFK8-F1-model_v6	7.908E-01	7.844E-01	2.064E-01	6.943E-01	1.000	8.965E-06
4r8u_LF	AF-Q9QUG2-F1-model_v6	7.984E-01	7.855E-01	1.166E-01	6.743E-01	1.000	9.563E-06
4r8u_LF	AF-P63986-F1-model_v6	7.855E-01	7.790E-01	2.020E-01	6.895E-01	1.000	1.161E-05
4r8u_LF	AF-P9WNT2-F1-model_v6	7.821E-01	7.757E-01	2.013E-01	6.899E-01	1.000	1.321E-05
4r8u_LF	AF-Q9K9A8-F1-model_v6	8.045E-01	7.534E-01	2.260E-01	6.974E-01	1.000	2.075E-05
4r8u_LF	AF-O31990-F1-model_v6	8.024E-01	7.457E-01	2.206E-01	6.858E-01	1.000	1.824E-05
4r8u_LF	AF-P34409-F1-model_v6	7.681E-01	7.560E-01	1.623E-01	6.799E-01	1.000	1.238E-05
4r8u_LF	AF-Q6NGD8-F1-model_v6	7.886E-01	7.822E-01	2.128E-01	7.028E-01	1.000	2.213E-05
4r8u_LF	AF-O74944-F1-model_v6	6.958E-01	6.295E-01	1.520E-01	6.403E-01	1.000	3.631E-06
4r8u_LF	AF-P9WNT3-F1-model_v6	7.714E-01	7.650E-01	2.001E-01	6.793E-01	1.000	1.824E-05
4r8u_LF	AF-P75241-F1-model_v6	7.231E-01	7.005E-01	2.172E-01	6.303E-01	1.000	7.879E-06
4r8u_LF	AF-Q6JDV7-F1-model_v6	7.106E-01	6.634E-01	1.313E-01	6.202E-01	1.000	6.086E-06
4r8u_LF	AF-A4YEC1-F1-model_v6	7.955E-01	7.763E-01	2.676E-01	6.765E-01	1.000	3.957E-05
4r8u_LF	AF-A3EWL3-2-F1-model_v6	7.787E-01	7.731E-01	9.235E-02	6.782E-01	1.000	3.957E-05
4r8u_LF	AF-Q9UBZ9-2-F1-model_v6	7.956E-01	7.704E-01	7.987E-02	6.786E-01	1.000	5.829E-05
4r8u_LF	AF-Q5R4N7-F1-model_v6	7.954E-01	7.704E-01	7.986E-02	6.778E-01	1.000	5.829E-05
4r8u_LF	AF-P96022-F1-model_v6	7.721E-01	7.411E-01	2.525E-01	6.537E-01	1.000	3.710E-05
4r8u_LF	AF-Q49426-F1-model_v6	7.156E-01	7.041E-01	2.190E-01	6.258E-01	1.000	1.321E-05
4r8u_LF	AF-Q98JM5-F1-model_v6	7.609E-01	7.549E-01	2.273E-01	6.361E-01	1.000	3.057E-05
4r8u_LF	AF-Q9UBZ9-F1-model_v6	7.934E-01	7.685E-01	7.978E-02	6.732E-01	1.000	6.632E-05
4r8u_LF	AF-Q974T8-F1-model_v6	7.915E-01	7.203E-01	2.450E-01	6.664E-01	1.000	1.186E-04
4r8u_LF	AF-Q6KZW2-F1-model_v6	6.910E-01	6.387E-01	2.294E-01	5.937E-01	1.000	1.945E-05
4r8u_LF	AF-Q9W0P2-F1-model_v6	7.690E-01	7.631E-01	1.010E-01	6.440E-01	1.000	9.159E-05
4r8u_LF	AF-Q920Q2-F1-model_v6	7.967E-01	7.716E-01	7.984E-02	6.706E-01	1.000	1.637E-04
4r8u_LF	AF-Q4KWZ7-F1-model_v6	7.947E-01	7.698E-01	7.952E-02	6.771E-01	1.000	2.120E-04
4r8u_LF	AF-P22494-F1-model_v6	7.563E-01	7.205E-01	2.152E-01	6.571E-01	1.000	1.439E-04
4r8u_LF	AF-Q4JB80-F1-model_v6	7.971E-01	6.788E-01	2.267E-01	6.606E-01	1.000	2.744E-04
4r8u_LF	AF-O94623-F1-model_v6	7.674E-01	7.433E-01	1.035E-01	6.216E-01	1.000	1.349E-04
4r8u_LF	AF-A3EWL3-F1-model_v6	7.244E-01	7.192E-01	8.933E-02	6.314E-01	1.000	1.112E-04
4r8u_LF	AF-Q8H2D5-2-F1-model_v6	7.507E-01	7.078E-01	1.520E-01	6.168E-01	1.000	1.439E-04
4r8u_LF	AF-Q04049-F1-model_v6	7.848E-01	7.601E-01	1.532E-01	6.460E-01	1.000	4.043E-04
4r8u_LF	AF-P14303-F1-model_v6	7.611E-01	7.133E-01	2.132E-01	6.589E-01	1.000	4.906E-04
4r8u_LF	AF-Q9VNX1-F1-model_v6	8.030E-01	7.323E-01	1.049E-01	6.605E-01	1.000	8.223E-04
4r8u_LF	AF-Q9A3J2-F1-model_v6	7.582E-01	6.584E-01	1.804E-01	6.321E-01	1.000	4.906E-04
4r8u_LF	AF-Q9UNA4-F1-model_v6	7.628E-01	7.135E-01	1.221E-01	6.592E-01	1.000	6.776E-04
4r8u_LF	AF-B8H428-F1-model_v6	7.131E-01	6.858E-01	1.914E-01	6.421E-01	1.000	4.043E-04
4r8u_LF	AF-O42917-F1-model_v6	7.336E-01	7.284E-01	1.101E-01	5.747E-01	1.000	2.261E-04
4r8u_LF	AF-Q9VHV1-F1-model_v6	7.356E-01	7.013E-01	1.249E-01	5.821E-01	1.000	3.331E-04
4r8u_LF	AF-P07375-F1-model_v6	7.662E-01	7.183E-01	2.144E-01	6.601E-01	1.000	1.065E-03
4r8u_LF	AF-P04152-F1-model_v6	7.176E-01	6.860E-01	2.104E-01	6.201E-01	1.000	5.234E-04
4r8u_LF	AF-Q8H2D5-3-F1-model_v6	7.758E-01	7.069E-01	1.986E-01	6.265E-01	1.000	1.065E-03
4r8u_LF	AF-P23832-F1-model_v6	6.765E-01	6.364E-01	1.992E-01	6.015E-01	1.000	3.790E-04
4r8u_LF	AF-Q8H2D5-F1-model_v6	7.446E-01	7.152E-01	1.379E-01	5.932E-01	1.000	6.776E-04
4r8u_LF	AF-P18642-F1-model_v6	6.918E-01	6.508E-01	2.006E-01	5.858E-01	1.000	4.312E-04
4r8u_LF	AF-Q6R3M4-2-F1-model_v6	7.413E-01	6.941E-01	1.308E-01	6.308E-01	1.000	1.470E-03
4r8u_LF	AF-Q5P5G2-F1-model_v6	6.895E-01	6.339E-01	1.300E-01	5.551E-01	1.000	5.955E-04
4r8u_LF	AF-Q6R3M4-F1-model_v6	7.146E-01	6.700E-01	1.211E-01	5.948E-01	1.000	1.673E-03
4r8u_LF	AF-Q2YU32-F1-model_v6	8.311E-01	6.982E-01	2.521E-01	6.248E-01	1.000	3.955E-02
4r8u_LF	AF-O68956-F1-model_v6	5.525E-01	4.235E-01	9.992E-02	4.232E-01	0.772	1.264E-01
4r8u_LF	AF-Q8Z9S8-F1-model_v6	5.274E-01	4.044E-01	1.001E-01	4.488E-01	0.601	3.121E-01
4r8u_LF	AF-Q6CYJ9-F1-model_v6	5.337E-01	3.936E-01	9.597E-02	4.025E-01	0.569	2.260E-01
4r8u_LF	AF-Q5HE49-F1-model_v6	5.983E-01	4.597E-01	1.091E-01	4.205E-01	0.442	6.773E-01
4r8u_LF	AF-Q663R1-F1-model_v6	5.448E-01	4.026E-01	9.784E-02	4.065E-01	0.442	4.598E-01
4r8u_LF	AF-O26742-F1-model_v6	4.915E-01	4.185E-01	1.306E-01	4.188E-01	0.411	4.041E-01
4r8u_LF	AF-Q9KUM8-F1-model_v6	5.491E-01	4.094E-01	9.925E-02	4.064E-01	0.411	5.580E-01
4r8u_LF	AF-Q87SR3-F1-model_v6	5.404E-01	4.171E-01	1.012E-01	4.266E-01	0.411	6.349E-01
4r8u_LF	AF-Q9LIP9-F1-model_v6	5.497E-01	4.929E-01	1.112E-01	4.667E-01	0.411	8.768E-01
4r8u_LF	AF-Q8WZ69-F1-model_v6	4.512E-01	4.352E-01	2.704E-01	4.067E-01	0.382	3.121E-01
4r8u_LF	AF-Q56213-F1-model_v6	4.998E-01	3.776E-01	9.668E-02	3.959E-01	0.382	4.041E-01
4r8u_LF	AF-Q9CGT6-F1-model_v6	4.831E-01	2.786E-01	6.839E-02	3.434E-01	0.326	2.926E-01
4r8u_LF	AF-P44708-F1-model_v6	5.651E-01	4.348E-01	1.037E-01	4.299E-01	0.326	9.976E-01
4r8u_LF	AF-Q96Y49-F1-model_v6	5.074E-01	3.903E-01	1.175E-01	4.125E-01	0.301	7.224E-01
4r8u_LF	AF-Q8DEF3-F1-model_v6	5.061E-01	3.808E-01	9.553E-02	4.156E-01	0.301	7.706E-01
4r8u_LF	AF-Q7MP62-F1-model_v6	5.182E-01	3.877E-01	9.749E-02	4.110E-01	0.301	8.220E-01
4r8u_LF	AF-Q6LLH3-F1-model_v6	5.342E-01	3.965E-01	9.585E-02	3.984E-01	0.277	9.353E-01
4r8u_LF	AF-Q981C9-F1-model_v6	5.311E-01	4.119E-01	1.262E-01	4.289E-01	0.254	1.211E+00
4r8u_LF	AF-P65830-F1-model_v6	4.739E-01	3.818E-01	1.106E-01	4.145E-01	0.254	7.706E-01
4r8u_LF	AF-Q88YE7-F1-model_v6	5.084E-01	3.951E-01	9.969E-02	4.165E-01	0.254	1.064E+00
4r8u_LF	AF-P40831-F1-model_v6	4.889E-01	3.759E-01	9.152E-02	3.704E-01	0.254	6.349E-01
4r8u_LF	AF-Q5HEI2-F1-model_v6	3.861E-01	2.744E-01	6.169E-02	3.257E-01	0.254	1.746E-01
4r8u_LF	AF-Q6G7F8-F1-model_v6	5.605E-01	4.162E-01	1.007E-01	3.858E-01	0.233	1.292E+00
4r8u_LF	AF-Q9HT25-F1-model_v6	5.033E-01	3.348E-01	8.068E-02	3.946E-01	0.233	9.353E-01
4r8u_LF	AF-O94808-F1-model_v6	4.345E-01	3.773E-01	9.083E-02	3.522E-01	0.233	4.041E-01
4r8u_LF	AF-Q9Z2Z9-F1-model_v6	4.898E-01	4.190E-01	9.188E-02	3.788E-01	0.233	8.220E-01
4r8u_LF	AF-P57963-F1-model_v6	5.464E-01	4.084E-01	9.965E-02	4.156E-01	0.214	1.568E+00
4r8u_LF	AF-Q5E279-F1-model_v6	5.476E-01	4.117E-01	9.973E-02	4.060E-01	0.214	1.672E+00
4r8u_LF	AF-Q6C462-F1-model_v6	3.819E-01	3.032E-01	4.223E-02	3.161E-01	0.214	2.119E-01
4r8u_LF	AF-P44098-F1-model_v6	4.774E-01	3.381E-01	1.572E-01	3.842E-01	0.196	9.976E-01
4r8u_LF	AF-Q8D3J0-F1-model_v6	5.014E-01	3.905E-01	9.862E-02	4.284E-01	0.196	1.672E+00
4r8u_LF	AF-Q99QS1-F1-model_v6	4.397E-01	3.065E-01	8.983E-02	3.256E-01	0.179	5.952E-01
4r8u_LF	AF-A6QIG2-F1-model_v6	4.156E-01	2.975E-01	7.385E-02	3.310E-01	0.179	4.904E-01
4r8u_LF	AF-P59788-F1-model_v6	4.705E-01	2.828E-01	7.601E-02	3.435E-01	0.150	1.064E+00
4r8u_LF	AF-Q9KG45-F1-model_v6	5.425E-01	4.153E-01	1.036E-01	4.262E-01	0.150	3.189E+00
4r8u_LF	AF-Q92PS4-F1-model_v6	5.222E-01	3.402E-01	8.048E-02	3.485E-01	0.150	1.568E+00
4r8u_LF	AF-Q92ZK3-F1-model_v6	5.494E-01	3.530E-01	8.180E-02	3.687E-01	0.150	2.029E+00
4r8u_LF	AF-O19908-F1-model_v6	5.733E-01	4.381E-01	1.033E-01	4.111E-01	0.150	2.989E+00
4r8u_LF	AF-Q6GFB8-F1-model_v6	4.297E-01	2.999E-01	6.368E-02	3.170E-01	0.150	7.224E-01
4r8u_LF	AF-G5ECC7-F1-model_v6	3.753E-01	2.952E-01	3.507E-02	3.051E-01	0.150	4.041E-01
4r8u_LF	AF-G5ECC7-2-F1-model_v6	3.885E-01	3.106E-01	3.678E-02	3.138E-01	0.138	5.952E-01
4r8u_LF	AF-Q8ETM5-F1-model_v6	5.269E-01	3.929E-01	9.844E-02	4.050E-01	0.126	3.401E+00
4r8u_LF	AF-P25195-F1-model_v6	4.726E-01	3.424E-01	8.541E-02	3.510E-01	0.126	1.672E+00
4r8u_LF	AF-Q74MZ4-F1-model_v6	2.999E-01	2.514E-01	1.468E-01	3.358E-01	0.116	4.598E-01
4r8u_LF	AF-Q887Q4-F1-model_v6	4.464E-01	2.697E-01	7.467E-02	3.121E-01	0.116	1.211E+00
4r8u_LF	AF-Q5NRH4-F1-model_v6	4.769E-01	3.188E-01	7.909E-02	3.286E-01	0.116	1.672E+00
4r8u_LF	AF-Q8R841-F1-model_v6	4.614E-01	3.576E-01	9.472E-02	3.687E-01	0.116	2.029E+00
4r8u_LF	AF-Q9YCQ6-F1-model_v6	5.561E-01	4.153E-01	9.868E-02	4.119E-01	0.116	4.403E+00
4r8u_LF	AF-Q8PYQ2-F1-model_v6	4.658E-01	2.799E-01	4.179E-01	3.439E-01	0.106	2.029E+00
4r8u_LF	AF-Q6FDR7-F1-model_v6	4.262E-01	3.315E-01	3.748E-01	4.111E-01	0.106	2.627E+00
4r8u_LF	AF-Q9CAN4-F1-model_v6	3.637E-01	2.140E-01	9.704E-02	2.498E-01	0.106	3.788E-01
4r8u_LF	AF-P9WQL7-F1-model_v6	4.098E-01	2.633E-01	1.226E-01	3.126E-01	0.106	1.211E+00
4r8u_LF	AF-P27928-F1-model_v6	3.400E-01	2.795E-01	7.861E-02	3.430E-01	0.106	9.353E-01
4r8u_LF	AF-F4JT80-2-F1-model_v6	3.965E-01	3.856E-01	5.053E-02	3.949E-01	0.106	2.029E+00
4r8u_LF	AF-Q54JW9-F1-model_v6	2.433E-01	2.359E-01	1.132E-01	3.493E-01	0.098	3.551E-01
4r8u_LF	AF-P46773-F1-model_v6	3.593E-01	2.770E-01	7.851E-02	3.267E-01	0.098	9.976E-01
4r8u_LF	AF-A6UR53-F1-model_v6	3.966E-01	2.410E-01	3.083E-01	3.225E-01	0.090	1.672E+00
4r8u_LF	AF-Q39DH2-F1-model_v6	3.702E-01	1.999E-01	1.163E-01	2.451E-01	0.090	5.952E-01
4r8u_LF	AF-P9WQL6-F1-model_v6	4.114E-01	2.639E-01	1.228E-01	3.121E-01	0.090	1.568E+00
4r8u_LF	AF-Q51372-F1-model_v6	3.921E-01	2.402E-01	7.192E-02	2.748E-01	0.090	1.064E+00
4r8u_LF	AF-Q0A757-F1-model_v6	3.941E-01	1.928E-01	1.289E-01	3.036E-01	0.082	1.784E+00
4r8u_LF	AF-P34324-F1-model_v6	3.418E-01	2.186E-01	1.131E-01	2.976E-01	0.082	1.064E+00
4r8u_LF	AF-P20281-F1-model_v6	3.476E-01	2.651E-01	1.110E-01	3.457E-01	0.082	1.784E+00
4r8u_LF	AF-A4WL94-F1-model_v6	5.120E-01	3.126E-01	4.020E-01	3.902E-01	0.076	6.919E+00
4r8u_LF	AF-Q6NTF7-F1-model_v6	5.033E-01	2.808E-01	1.728E-01	3.723E-01	0.076	6.081E+00
4r8u_LF	AF-A1WXY4-F1-model_v6	3.526E-01	2.361E-01	1.524E-01	3.087E-01	0.076	1.568E+00
4r8u_LF	AF-P0C0I5-F1-model_v6	3.920E-01	2.899E-01	1.695E-01	2.891E-01	0.076	1.672E+00
4r8u_LF	AF-Q9BY76-2-F1-model_v6	4.265E-01	3.303E-01	1.176E-01	3.438E-01	0.076	3.189E+00
4r8u_LF	AF-O52194-F1-model_v6	3.620E-01	2.252E-01	6.241E-02	2.462E-01	0.076	8.768E-01
4r8u_LF	AF-Q8DKT0-F1-model_v6	3.580E-01	3.043E-01	7.443E-02	3.643E-01	0.076	2.627E+00
4r8u_LF	AF-Q2JMD8-F1-model_v6	3.650E-01	3.075E-01	7.431E-02	3.496E-01	0.076	2.165E+00
4r8u_LF	AF-O65405-F1-model_v6	2.338E-01	2.169E-01	6.412E-02	3.175E-01	0.076	4.598E-01
4r8u_LF	AF-Q8TIN5-F1-model_v6	4.581E-01	2.753E-01	4.105E-01	3.479E-01	0.069	4.697E+00
4r8u_LF	AF-B2HUR7-F1-model_v6	4.117E-01	3.188E-01	3.639E-01	3.741E-01	0.069	4.128E+00
4r8u_LF	AF-Q4UX84-F1-model_v6	4.177E-01	1.942E-01	1.176E-01	2.693E-01	0.069	2.165E+00
4r8u_LF	AF-A5F672-F1-model_v6	3.484E-01	2.262E-01	8.456E-02	2.754E-01	0.069	1.292E+00
4r8u_LF	AF-Q9X4G9-F1-model_v6	4.328E-01	2.426E-01	8.186E-02	3.009E-01	0.069	3.189E+00
4r8u_LF	AF-A4G0D0-F1-model_v6	4.533E-01	2.645E-01	3.446E-01	3.350E-01	0.063	4.697E+00
4r8u_LF	AF-A4G883-F1-model_v6	3.488E-01	2.007E-01	1.220E-01	2.525E-01	0.063	1.292E+00
4r8u_LF	AF-C5BN92-F1-model_v6	2.498E-01	1.778E-01	1.261E-01	2.942E-01	0.063	6.773E-01
4r8u_LF	AF-Q1BU45-F1-model_v6	3.908E-01	1.842E-01	1.059E-01	2.526E-01	0.063	1.903E+00
4r8u_LF	AF-Q64WC2-F1-model_v6	4.081E-01	2.036E-01	1.128E-01	2.996E-01	0.063	2.802E+00
4r8u_LF	AF-Q5LFJ5-F1-model_v6	4.075E-01	2.034E-01	1.127E-01	2.995E-01	0.063	2.802E+00
4r8u_LF	AF-Q5XB82-F1-model_v6	3.918E-01	2.900E-01	1.696E-01	2.895E-01	0.063	2.463E+00
4r8u_LF	AF-Q8NKX2-F1-model_v6	3.921E-01	2.893E-01	1.696E-01	2.897E-01	0.063	2.463E+00
4r8u_LF	AF-Q8REI1-F1-model_v6	4.356E-01	2.347E-01	6.665E-02	2.884E-01	0.063	3.401E+00
4r8u_LF	AF-A6VI47-F1-model_v6	3.981E-01	2.421E-01	3.077E-01	3.161E-01	0.057	4.128E+00
4r8u_LF	AF-P33967-F1-model_v6	3.464E-01	2.523E-01	2.048E-01	3.546E-01	0.057	3.870E+00
4r8u_LF	AF-O26956-F1-model_v6	4.594E-01	2.968E-01	2.304E-01	3.308E-01	0.057	5.701E+00
4r8u_LF	AF-Q3BQS3-F1-model_v6	3.404E-01	1.816E-01	1.170E-01	2.718E-01	0.057	1.784E+00
4r8u_LF	AF-Q87DU7-F1-model_v6	3.669E-01	1.987E-01	1.237E-01	2.696E-01	0.057	2.029E+00
4r8u_LF	AF-A6T1X9-F1-model_v6	3.910E-01	1.800E-01	1.038E-01	2.479E-01	0.057	2.165E+00
4r8u_LF	AF-Q65QT9-F1-model_v6	2.663E-01	1.873E-01	1.233E-01	2.918E-01	0.057	1.135E+00
4r8u_LF	AF-Q87FE9-F1-model_v6	3.503E-01	2.000E-01	1.234E-01	3.063E-01	0.057	2.802E+00
4r8u_LF	AF-A0K9Z1-F1-model_v6	3.899E-01	1.838E-01	1.057E-01	2.530E-01	0.057	2.165E+00
4r8u_LF	AF-A4JHA1-F1-model_v6	3.910E-01	1.841E-01	1.059E-01	2.550E-01	0.057	2.029E+00
4r8u_LF	AF-Q7VR53-F1-model_v6	3.772E-01	1.842E-01	1.209E-01	3.104E-01	0.057	3.189E+00
4r8u_LF	AF-B1JXH8-F1-model_v6	3.713E-01	1.994E-01	1.161E-01	2.443E-01	0.057	1.672E+00
4r8u_LF	AF-B2VEN4-F1-model_v6	3.407E-01	1.969E-01	1.194E-01	3.056E-01	0.057	2.627E+00
4r8u_LF	AF-A4T792-F1-model_v6	3.083E-01	1.763E-01	1.042E-01	2.433E-01	0.057	9.353E-01
4r8u_LF	AF-Q21WR9-F1-model_v6	2.812E-01	1.920E-01	1.178E-01	2.785E-01	0.057	1.064E+00
4r8u_LF	AF-A1TF46-F1-model_v6	3.787E-01	1.786E-01	1.016E-01	2.491E-01	0.057	1.784E+00
4r8u_LF	AF-A0R420-F1-model_v6	3.456E-01	1.818E-01	1.088E-01	2.705E-01	0.057	2.029E+00
4r8u_LF	AF-Q9LRK4-F1-model_v6	2.279E-01	2.266E-01	1.423E-01	3.560E-01	0.057	1.292E+00
4r8u_LF	AF-Q9M2I5-F1-model_v6	2.573E-01	2.128E-01	1.464E-01	3.633E-01	0.057	1.672E+00
4r8u_LF	AF-Q5M3G7-F1-model_v6	4.614E-01	1.631E-01	6.694E-02	2.495E-01	0.057	3.401E+00
4r8u_LF	AF-Q5LYV4-F1-model_v6	4.619E-01	1.635E-01	6.704E-02	2.489E-01	0.057	3.189E+00
4r8u_LF	AF-Q56571-F1-model_v6	3.800E-01	2.431E-01	8.885E-02	2.893E-01	0.057	2.627E+00
4r8u_LF	AF-P21184-F1-model_v6	4.411E-01	2.784E-01	9.584E-02	3.064E-01	0.057	4.403E+00
4r8u_LF	AF-F4JT80-F1-model_v6	2.597E-01	2.583E-01	3.820E-02	2.879E-01	0.057	9.353E-01
4r8u_LF	AF-G2TRM7-F1-model_v6	3.175E-01	2.583E-01	2.095E-01	3.243E-01	0.051	2.802E+00
4r8u_LF	AF-Q9KL41-F1-model_v6	3.592E-01	1.749E-01	1.151E-01	2.734E-01	0.051	2.802E+00
4r8u_LF	AF-Q2GJ82-F1-model_v6	3.515E-01	1.717E-01	1.091E-01	2.607E-01	0.051	2.029E+00
4r8u_LF	AF-B6YSL9-F1-model_v6	3.148E-01	2.482E-01	1.474E-01	3.405E-01	0.051	3.401E+00
4r8u_LF	AF-A4SWL7-F1-model_v6	2.668E-01	1.886E-01	1.241E-01	2.952E-01	0.051	1.292E+00
4r8u_LF	AF-Q8Y1C3-F1-model_v6	3.010E-01	2.049E-01	1.244E-01	2.910E-01	0.051	1.903E+00
4r8u_LF	AF-A1S710-F1-model_v6	2.428E-01	1.742E-01	1.196E-01	2.957E-01	0.051	1.064E+00
4r8u_LF	AF-Q3IDP4-F1-model_v6	2.492E-01	2.090E-01	1.263E-01	2.948E-01	0.051	1.292E+00
4r8u_LF	AF-A7II77-F1-model_v6	3.419E-01	1.810E-01	1.198E-01	3.062E-01	0.051	2.802E+00
4r8u_LF	AF-Q31E41-F1-model_v6	2.479E-01	1.846E-01	1.143E-01	3.077E-01	0.051	1.470E+00
4r8u_LF	AF-P74211-F1-model_v6	3.116E-01	1.755E-01	1.058E-01	2.446E-01	0.051	1.211E+00
4r8u_LF	AF-Q72PF1-F1-model_v6	2.783E-01	1.899E-01	1.128E-01	3.027E-01	0.051	1.784E+00
4r8u_LF	AF-B4E9I1-F1-model_v6	3.241E-01	1.645E-01	9.773E-02	2.527E-01	0.051	1.784E+00
4r8u_LF	AF-A5WEW5-F1-model_v6	2.888E-01	1.880E-01	1.153E-01	2.539E-01	0.051	1.064E+00
4r8u_LF	AF-Q4FS02-F1-model_v6	2.788E-01	1.674E-01	1.043E-01	2.492E-01	0.051	1.064E+00
4r8u_LF	AF-Q31IR4-F1-model_v6	2.529E-01	1.811E-01	1.124E-01	2.915E-01	0.051	1.211E+00
4r8u_LF	AF-Q126S5-F1-model_v6	2.830E-01	1.932E-01	1.197E-01	2.776E-01	0.051	1.568E+00
4r8u_LF	AF-A0LR32-F1-model_v6	2.832E-01	1.763E-01	1.183E-01	2.872E-01	0.051	1.470E+00
4r8u_LF	AF-Q1JLR5-F1-model_v6	4.763E-01	1.628E-01	6.688E-02	2.457E-01	0.051	3.870E+00
4r8u_LF	AF-P41441-F1-model_v6	4.364E-01	2.172E-01	7.419E-02	2.872E-01	0.051	5.010E+00
4r8u_LF	AF-Q88ND0-F1-model_v6	2.454E-01	2.135E-01	6.754E-02	2.515E-01	0.051	7.224E-01
4r8u_LF	AF-Q2JSB6-F1-model_v6	3.126E-01	2.778E-01	7.093E-02	3.346E-01	0.051	2.989E+00
4r8u_LF	AF-Q8TUY6-F1-model_v6	4.337E-01	2.478E-01	3.160E-01	3.173E-01	0.045	7.380E+00
4r8u_LF	AF-Q9RKY0-F1-model_v6	4.562E-01	2.249E-01	2.052E-01	3.327E-01	0.045	7.872E+00
4r8u_LF	AF-Q9RXS8-F1-model_v6	4.030E-01	1.908E-01	1.655E-01	2.323E-01	0.045	2.989E+00
4r8u_LF	AF-Q9PDP2-F1-model_v6	3.444E-01	1.821E-01	1.128E-01	2.702E-01	0.045	2.802E+00
4r8u_LF	AF-Q8YFK3-F1-model_v6	3.539E-01	1.845E-01	1.252E-01	3.066E-01	0.045	4.128E+00
4r8u_LF	AF-Q0VSU8-F1-model_v6	4.210E-01	1.969E-01	1.184E-01	2.712E-01	0.045	4.128E+00
4r8u_LF	AF-P44909-F1-model_v6	2.557E-01	1.825E-01	1.265E-01	2.789E-01	0.045	1.470E+00
4r8u_LF	AF-Q12LW9-F1-model_v6	2.843E-01	2.012E-01	1.250E-01	3.085E-01	0.045	2.165E+00
4r8u_LF	AF-Q396C5-F1-model_v6	3.104E-01	1.775E-01	1.113E-01	2.491E-01	0.045	1.784E+00
4r8u_LF	AF-A2SJZ5-F1-model_v6	3.583E-01	1.490E-01	8.940E-02	2.368E-01	0.045	2.165E+00
4r8u_LF	AF-Q13UP6-F1-model_v6	3.772E-01	1.535E-01	8.469E-02	2.377E-01	0.045	2.802E+00
4r8u_LF	AF-Q15R35-F1-model_v6	4.084E-01	1.835E-01	1.109E-01	2.587E-01	0.045	3.628E+00
4r8u_LF	AF-B7K9I2-F1-model_v6	2.533E-01	1.796E-01	1.087E-01	2.964E-01	0.045	1.568E+00
4r8u_LF	AF-C1D0Z0-F1-model_v6	3.854E-01	1.964E-01	1.175E-01	2.926E-01	0.045	4.403E+00
4r8u_LF	AF-Q8YXG5-F1-model_v6	3.438E-01	1.678E-01	1.029E-01	2.610E-01	0.045	2.627E+00
4r8u_LF	AF-A2S933-F1-model_v6	3.376E-01	1.775E-01	1.056E-01	2.516E-01	0.045	2.309E+00
4r8u_LF	AF-B1YVG1-F1-model_v6	3.205E-01	1.643E-01	9.765E-02	2.527E-01	0.045	1.784E+00
4r8u_LF	AF-Q0BCF1-F1-model_v6	3.248E-01	1.642E-01	9.759E-02	2.532E-01	0.045	2.165E+00
4r8u_LF	AF-Q8F6Y3-F1-model_v6	2.784E-01	1.883E-01	1.129E-01	3.017E-01	0.045	2.309E+00
4r8u_LF	AF-A4VJR0-F1-model_v6	3.733E-01	1.926E-01	1.130E-01	2.653E-01	0.045	3.401E+00
4r8u_LF	AF-Q4KH71-F1-model_v6	3.312E-01	1.879E-01	1.199E-01	2.949E-01	0.045	3.401E+00
4r8u_LF	AF-Q7F731-F1-model_v6	3.805E-01	2.049E-01	1.166E-01	2.620E-01	0.045	3.189E+00
4r8u_LF	AF-Q8D2L7-F1-model_v6	3.274E-01	1.660E-01	9.520E-02	2.474E-01	0.045	1.903E+00
4r8u_LF	AF-A1SUY2-F1-model_v6	3.032E-01	1.810E-01	1.150E-01	2.521E-01	0.045	1.784E+00
4r8u_LF	AF-A1W7K9-F1-model_v6	2.850E-01	1.892E-01	1.133E-01	2.350E-01	0.045	1.292E+00
4r8u_LF	AF-P93000-F1-model_v6	3.329E-01	1.779E-01	9.833E-02	2.357E-01	0.045	1.672E+00
4r8u_LF	AF-Q7UKQ9-F1-model_v6	3.070E-01	2.187E-01	1.278E-01	2.949E-01	0.045	2.802E+00
4r8u_LF	AF-B6YQ79-F1-model_v6	2.561E-01	2.136E-01	1.205E-01	3.012E-01	0.045	1.784E+00
4r8u_LF	AF-P44061-F1-model_v6	3.593E-01	1.522E-01	7.702E-02	2.651E-01	0.045	2.802E+00
4r8u_LF	AF-Q91XF0-F1-model_v6	3.645E-01	1.927E-01	1.050E-01	2.801E-01	0.045	3.628E+00
4r8u_LF	AF-P65781-F1-model_v6	4.789E-01	1.636E-01	6.726E-02	2.450E-01	0.045	5.010E+00
4r8u_LF	AF-P0DD17-F1-model_v6	4.799E-01	1.638E-01	6.728E-02	2.450E-01	0.045	5.010E+00
4r8u_LF	AF-P0DD16-F1-model_v6	4.781E-01	1.634E-01	6.719E-02	2.450E-01	0.045	5.010E+00
4r8u_LF	AF-Q48TM3-F1-model_v6	4.775E-01	1.635E-01	6.699E-02	2.450E-01	0.045	5.010E+00
4r8u_LF	AF-Q1JGW5-F1-model_v6	4.791E-01	1.637E-01	6.704E-02	2.447E-01	0.045	5.010E+00
4r8u_LF	AF-Q9LN77-F1-model_v6	3.632E-01	2.139E-01	9.695E-02	2.455E-01	0.045	2.463E+00
4r8u_LF	AF-P0C6C3-F1-model_v6	2.833E-01	2.139E-01	8.289E-02	2.788E-01	0.045	2.029E+00
4r8u_LF	AF-O34767-F1-model_v6	3.369E-01	1.845E-01	6.265E-02	2.543E-01	0.045	2.165E+00
4r8u_LF	AF-Q9LTX3-2-F1-model_v6	2.454E-01	1.964E-01	7.758E-02	2.620E-01	0.045	1.064E+00
4r8u_LF	AF-Q46GR7-F1-model_v6	3.437E-01	2.843E-01	7.054E-02	3.501E-01	0.045	5.010E+00
4r8u_LF	AF-O02696-F1-model_v6	4.649E-01	1.620E-01	2.409E-02	2.661E-01	0.045	5.701E+00
4r8u_LF	AF-Q8DR60-F1-model_v6	4.930E-01	2.786E-01	2.306E-02	3.283E-01	0.045	9.555E+00
4r8u_LF	AF-A9AER8-F1-model_v6	3.672E-01	2.850E-01	3.364E-01	3.400E-01	0.040	6.486E+00
4r8u_LF	AF-Q0ASF3-F1-model_v6	5.117E-01	1.795E-01	1.528E-01	2.630E-01	0.040	8.397E+00
4r8u_LF	AF-A5VFM5-F1-model_v6	3.691E-01	1.687E-01	1.069E-01	2.522E-01	0.040	3.401E+00
4r8u_LF	AF-C0RHC3-F1-model_v6	3.015E-01	1.863E-01	1.264E-01	2.957E-01	0.040	2.802E+00
4r8u_LF	AF-Q9NYZ1-F1-model_v6	3.150E-01	2.183E-01	1.328E-01	3.081E-01	0.040	3.870E+00
4r8u_LF	AF-Q2YMD1-F1-model_v6	2.993E-01	1.859E-01	1.240E-01	2.955E-01	0.040	2.802E+00
4r8u_LF	AF-Q57EU9-F1-model_v6	3.012E-01	1.863E-01	1.241E-01	2.955E-01	0.040	2.802E+00
4r8u_LF	AF-A5VNZ1-F1-model_v6	3.537E-01	1.839E-01	1.238E-01	3.072E-01	0.040	4.697E+00
4r8u_LF	AF-Q4QM38-F1-model_v6	2.603E-01	1.906E-01	1.268E-01	3.020E-01	0.040	2.165E+00
4r8u_LF	AF-B4RM90-F1-model_v6	2.562E-01	1.881E-01	1.277E-01	2.779E-01	0.040	1.903E+00
4r8u_LF	AF-B1XYE2-F1-model_v6	2.635E-01	1.868E-01	1.241E-01	2.986E-01	0.040	2.463E+00
4r8u_LF	AF-A0KI46-F1-model_v6	3.028E-01	1.965E-01	1.153E-01	2.609E-01	0.040	2.309E+00
4r8u_LF	AF-Q5DYB5-F1-model_v6	3.331E-01	1.756E-01	1.100E-01	2.755E-01	0.040	3.189E+00
4r8u_LF	AF-B2U826-F1-model_v6	2.824E-01	1.912E-01	1.142E-01	2.890E-01	0.040	2.309E+00
4r8u_LF	AF-B3R5Q8-F1-model_v6	3.564E-01	1.656E-01	1.013E-01	2.393E-01	0.040	2.989E+00
4r8u_LF	AF-B0SPV0-F1-model_v6	4.038E-01	1.644E-01	1.012E-01	2.395E-01	0.040	3.628E+00
4r8u_LF	AF-Q1LK07-F1-model_v6	3.062E-01	1.983E-01	1.158E-01	2.461E-01	0.040	1.903E+00
4r8u_LF	AF-Q63WN7-F1-model_v6	2.693E-01	1.892E-01	1.284E-01	2.930E-01	0.040	2.165E+00
4r8u_LF	AF-A3MHF0-F1-model_v6	3.364E-01	1.773E-01	1.055E-01	2.509E-01	0.040	2.989E+00
4r8u_LF	AF-Q3MFQ5-F1-model_v6	2.531E-01	2.047E-01	1.220E-01	2.961E-01	0.040	2.165E+00
4r8u_LF	AF-A9AGI1-F1-model_v6	3.420E-01	1.685E-01	9.937E-02	2.394E-01	0.040	2.627E+00
4r8u_LF	AF-A1V1A2-F1-model_v6	3.289E-01	1.776E-01	1.088E-01	2.483E-01	0.040	2.463E+00
4r8u_LF	AF-A1VRL0-F1-model_v6	2.673E-01	1.976E-01	1.240E-01	2.805E-01	0.040	2.029E+00
4r8u_LF	AF-C3K863-F1-model_v6	2.954E-01	2.224E-01	1.422E-01	2.898E-01	0.040	2.627E+00
4r8u_LF	AF-A5EEN4-F1-model_v6	3.925E-01	1.790E-01	1.107E-01	2.922E-01	0.040	5.701E+00
4r8u_LF	AF-Q2NT03-F1-model_v6	3.459E-01	1.982E-01	1.209E-01	3.050E-01	0.040	4.403E+00
4r8u_LF	AF-Q1GVE7-F1-model_v6	2.515E-01	1.624E-01	1.008E-01	2.944E-01	0.040	1.784E+00
4r8u_LF	AF-Q1QC15-F1-model_v6	3.413E-01	1.652E-01	9.426E-02	2.418E-01	0.040	2.309E+00
4r8u_LF	AF-B4THC5-F1-model_v6	4.081E-01	2.044E-01	1.200E-01	2.984E-01	0.040	6.486E+00
4r8u_LF	AF-Q742K7-F1-model_v6	3.486E-01	1.585E-01	9.120E-02	2.389E-01	0.040	2.627E+00
4r8u_LF	AF-A1TQY3-F1-model_v6	2.788E-01	1.944E-01	1.193E-01	2.561E-01	0.040	1.568E+00
4r8u_LF	AF-Q20939-F1-model_v6	2.754E-01	2.163E-01	1.313E-01	3.063E-01	0.040	2.802E+00
4r8u_LF	AF-Q9K3V7-F1-model_v6	2.436E-01	1.871E-01	1.133E-01	2.972E-01	0.040	1.903E+00
4r8u_LF	AF-Q2YWH5-F1-model_v6	3.119E-01	2.410E-01	1.324E-01	2.769E-01	0.040	2.989E+00
4r8u_LF	AF-Q9BY76-3-F1-model_v6	4.345E-01	2.918E-01	1.518E-01	2.747E-01	0.040	6.486E+00
4r8u_LF	AF-Q9NVS9-F1-model_v6	2.951E-01	2.134E-01	1.214E-01	3.175E-01	0.040	3.189E+00
4r8u_LF	AF-Q8DZK7-F1-model_v6	4.699E-01	1.620E-01	6.692E-02	2.464E-01	0.040	5.701E+00
4r8u_LF	AF-Q8E571-F1-model_v6	4.709E-01	1.622E-01	6.696E-02	2.454E-01	0.040	5.701E+00
4r8u_LF	AF-A5F6C5-F1-model_v6	3.226E-01	2.080E-01	8.107E-02	2.741E-01	0.040	2.802E+00
4r8u_LF	AF-Q6TMA8-F1-model_v6	4.404E-01	2.978E-01	9.975E-02	2.892E-01	0.040	6.486E+00
4r8u_LF	AF-Q9Z1P8-F1-model_v6	5.376E-01	2.484E-01	7.629E-02	2.681E-01	0.040	8.957E+00
4r8u_LF	AF-O74310-F1-model_v6	2.896E-01	2.821E-01	1.212E-01	3.540E-01	0.040	4.697E+00
4r8u_LF	AF-Q1D0A0-F1-model_v6	3.526E-01	2.021E-01	7.410E-02	2.835E-01	0.040	4.403E+00
4r8u_LF	AF-Q09825-F1-model_v6	3.751E-01	2.301E-01	5.904E-02	2.466E-01	0.040	3.189E+00
4r8u_LF	AF-Q96M93-2-F1-model_v6	2.999E-01	2.127E-01	6.023E-02	3.108E-01	0.040	3.401E+00
4r8u_LF	AF-B0RZW0-F1-model_v6	3.785E-01	2.387E-01	5.478E-02	2.766E-01	0.040	5.010E+00
4r8u_LF	AF-O23081-F1-model_v6	2.234E-01	2.154E-01	6.886E-02	3.293E-01	0.040	1.784E+00
4r8u_LF	AF-O26773-F1-model_v6	3.174E-01	2.563E-01	2.825E-01	3.499E-01	0.034	6.486E+00
4r8u_LF	AF-Q82UC1-F1-model_v6	5.062E-01	1.842E-01	1.610E-01	2.605E-01	0.034	9.555E+00
4r8u_LF	AF-Q0BRH2-F1-model_v6	4.193E-01	1.682E-01	1.428E-01	2.288E-01	0.034	5.010E+00
4r8u_LF	AF-Q54S02-F1-model_v6	2.973E-01	1.710E-01	1.146E-01	2.521E-01	0.034	2.463E+00
4r8u_LF	AF-Q6MK45-F1-model_v6	3.166E-01	1.680E-01	1.037E-01	2.431E-01	0.034	2.627E+00
4r8u_LF	AF-Q46BJ4-F1-model_v6	3.937E-01	2.822E-01	1.802E-01	3.408E-01	0.034	8.957E+00
4r8u_LF	AF-Q18449-F1-model_v6	3.370E-01	2.142E-01	1.279E-01	3.080E-01	0.034	5.701E+00
4r8u_LF	AF-Q1MKJ4-F1-model_v6	3.530E-01	1.845E-01	1.257E-01	3.063E-01	0.034	5.701E+00
4r8u_LF	AF-B3PSA1-F1-model_v6	3.859E-01	2.113E-01	1.320E-01	3.015E-01	0.034	6.919E+00
4r8u_LF	AF-Q4FN05-F1-model_v6	3.537E-01	2.043E-01	1.293E-01	2.929E-01	0.034	5.010E+00
4r8u_LF	AF-Q7WG77-F1-model_v6	4.070E-01	1.509E-01	8.744E-02	2.456E-01	0.034	5.010E+00
4r8u_LF	AF-A9M007-F1-model_v6	3.051E-01	2.197E-01	1.431E-01	2.871E-01	0.034	3.401E+00
4r8u_LF	AF-A6VKX9-F1-model_v6	2.596E-01	1.664E-01	9.776E-02	2.282E-01	0.034	1.378E+00
4r8u_LF	AF-Q5F8V2-F1-model_v6	2.569E-01	1.930E-01	1.278E-01	2.771E-01	0.034	2.029E+00
4r8u_LF	AF-Q2KVR0-F1-model_v6	3.791E-01	1.789E-01	1.141E-01	2.899E-01	0.034	5.701E+00
4r8u_LF	AF-B6EQ13-F1-model_v6	3.024E-01	2.022E-01	1.200E-01	3.063E-01	0.034	3.870E+00
4r8u_LF	AF-Q8DLZ5-F1-model_v6	2.970E-01	2.047E-01	1.246E-01	3.373E-01	0.034	5.010E+00
4r8u_LF	AF-A1WL02-F1-model_v6	2.451E-01	1.719E-01	1.105E-01	3.021E-01	0.034	2.309E+00
4r8u_LF	AF-A8EV17-F1-model_v6	2.088E-01	1.860E-01	1.144E-01	2.936E-01	0.034	1.672E+00
4r8u_LF	AF-Q0K7Z0-F1-model_v6	3.573E-01	1.656E-01	1.003E-01	2.395E-01	0.034	3.870E+00
4r8u_LF	AF-Q7P203-F1-model_v6	2.952E-01	2.103E-01	1.286E-01	2.932E-01	0.034	3.870E+00
4r8u_LF	AF-Q62M91-F1-model_v6	3.296E-01	1.775E-01	1.056E-01	2.515E-01	0.034	2.989E+00
4r8u_LF	AF-B2RHS7-F1-model_v6	2.750E-01	2.012E-01	1.263E-01	2.793E-01	0.034	2.627E+00
4r8u_LF	AF-Q652Q0-F1-model_v6	3.279E-01	1.764E-01	1.005E-01	2.394E-01	0.034	2.989E+00
4r8u_LF	AF-A3N6I1-F1-model_v6	3.301E-01	1.777E-01	1.057E-01	2.513E-01	0.034	2.989E+00
4r8u_LF	AF-A3NS64-F1-model_v6	3.307E-01	1.773E-01	1.081E-01	2.471E-01	0.034	3.189E+00
4r8u_LF	AF-Q3JVD0-F1-model_v6	3.321E-01	1.756E-01	1.086E-01	2.466E-01	0.034	3.189E+00
4r8u_LF	AF-Q8IQC1-2-F1-model_v6	3.419E-01	2.204E-01	1.292E-01	3.119E-01	0.034	6.081E+00
4r8u_LF	AF-Q3KGY4-F1-model_v6	3.300E-01	1.767E-01	1.049E-01	2.621E-01	0.034	3.870E+00
4r8u_LF	AF-A4XS85-F1-model_v6	3.274E-01	2.261E-01	1.383E-01	2.552E-01	0.034	2.989E+00
4r8u_LF	AF-Q11U72-F1-model_v6	2.723E-01	1.892E-01	1.177E-01	3.124E-01	0.034	3.189E+00
4r8u_LF	AF-Q492T8-F1-model_v6	2.507E-01	2.099E-01	1.264E-01	2.863E-01	0.034	2.165E+00
4r8u_LF	AF-Q1ATH8-F1-model_v6	3.097E-01	1.882E-01	1.097E-01	2.564E-01	0.034	2.627E+00
4r8u_LF	AF-Q7N3W5-F1-model_v6	2.909E-01	1.952E-01	1.109E-01	2.521E-01	0.034	2.463E+00
4r8u_LF	AF-B1IQB6-F1-model_v6	3.564E-01	1.814E-01	1.176E-01	3.061E-01	0.034	6.486E+00
4r8u_LF	AF-B6IB77-F1-model_v6	3.567E-01	1.817E-01	1.176E-01	3.069E-01	0.034	6.486E+00
4r8u_LF	AF-B7M9Z2-F1-model_v6	3.568E-01	1.817E-01	1.177E-01	3.067E-01	0.034	6.486E+00
4r8u_LF	AF-Q32FD5-F1-model_v6	3.565E-01	1.812E-01	1.174E-01	3.062E-01	0.034	6.486E+00
4r8u_LF	AF-B1XFV0-F1-model_v6	3.563E-01	1.830E-01	1.177E-01	3.071E-01	0.034	6.486E+00
4r8u_LF	AF-B7M0J5-F1-model_v6	3.565E-01	1.819E-01	1.177E-01	3.072E-01	0.034	6.486E+00
4r8u_LF	AF-Q8FH87-F1-model_v6	3.567E-01	1.841E-01	1.175E-01	3.064E-01	0.034	6.486E+00
4r8u_LF	AF-B7NB92-F1-model_v6	3.564E-01	1.811E-01	1.174E-01	3.065E-01	0.034	6.486E+00
4r8u_LF	AF-B5Z472-F1-model_v6	3.399E-01	2.028E-01	1.247E-01	3.139E-01	0.034	5.701E+00
4r8u_LF	AF-A8A0I1-F1-model_v6	3.568E-01	1.831E-01	1.177E-01	3.068E-01	0.034	6.486E+00
4r8u_LF	AF-Q9M263-F1-model_v6	3.178E-01	1.717E-01	9.666E-02	2.183E-01	0.034	2.309E+00
4r8u_LF	AF-A1ULM8-F1-model_v6	3.131E-01	1.775E-01	1.053E-01	2.490E-01	0.034	2.627E+00
4r8u_LF	AF-Q82GN9-F1-model_v6	2.555E-01	1.807E-01	1.118E-01	2.778E-01	0.034	2.463E+00
4r8u_LF	AF-Q94EG3-F1-model_v6	3.057E-01	1.671E-01	8.753E-02	2.063E-01	0.034	1.784E+00
4r8u_LF	AF-Q86IV5-F1-model_v6	4.954E-01	2.143E-01	9.757E-02	2.585E-01	0.034	8.957E+00
4r8u_LF	AF-Q5E9K3-F1-model_v6	3.606E-01	1.952E-01	1.057E-01	2.829E-01	0.034	5.344E+00
4r8u_LF	AF-A8AXJ8-F1-model_v6	4.864E-01	1.651E-01	6.854E-02	2.451E-01	0.034	7.872E+00
4r8u_LF	AF-Q97JS8-F1-model_v6	4.016E-01	2.316E-01	5.002E-02	2.630E-01	0.034	5.701E+00
4r8u_LF	AF-A1DFN6-F1-model_v6	2.786E-01	2.333E-01	3.206E-02	2.919E-01	0.034	3.189E+00
4r8u_LF	AF-Q8BGF7-2-F1-model_v6	3.489E-01	2.892E-01	3.583E-02	2.663E-01	0.034	4.697E+00
4r8u_LF	AF-Q6IE70-F1-model_v6	3.285E-01	2.612E-01	3.105E-02	2.622E-01	0.034	3.628E+00
4r8u_LF	AF-Q02TH2-F1-model_v6	3.882E-01	1.788E-01	1.567E-01	2.285E-01	0.029	5.010E+00
4r8u_LF	AF-Q0AHS7-F1-model_v6	3.921E-01	1.795E-01	1.561E-01	2.376E-01	0.029	5.344E+00
4r8u_LF	AF-B0RUI4-F1-model_v6	2.344E-01	2.062E-01	1.891E-01	2.473E-01	0.029	1.470E+00
4r8u_LF	AF-Q31LL6-F1-model_v6	3.204E-01	1.648E-01	1.269E-01	2.579E-01	0.029	3.870E+00
4r8u_LF	AF-Q5N0A8-F1-model_v6	3.201E-01	1.647E-01	1.269E-01	2.577E-01	0.029	3.870E+00
4r8u_LF	AF-P0AGD6-F1-model_v6	2.491E-01	1.687E-01	1.286E-01	3.196E-01	0.029	3.628E+00
4r8u_LF	AF-P53641-F1-model_v6	2.508E-01	1.675E-01	1.204E-01	3.056E-01	0.029	3.628E+00
4r8u_LF	AF-P09223-F1-model_v6	2.511E-01	1.679E-01	1.187E-01	3.069E-01	0.029	3.628E+00
4r8u_LF	AF-Q5LRI7-F1-model_v6	3.400E-01	1.726E-01	1.072E-01	2.714E-01	0.029	5.701E+00
4r8u_LF	AF-B2S9Q7-F1-model_v6	3.016E-01	1.861E-01	1.262E-01	2.960E-01	0.029	4.697E+00
4r8u_LF	AF-A9M8J1-F1-model_v6	3.016E-01	1.866E-01	1.256E-01	2.963E-01	0.029	4.403E+00
4r8u_LF	AF-Q96ET8-3-F1-model_v6	3.169E-01	2.118E-01	1.324E-01	2.909E-01	0.029	5.344E+00
4r8u_LF	AF-Q9D8T4-F1-model_v6	3.161E-01	2.191E-01	1.318E-01	2.933E-01	0.029	5.701E+00
4r8u_LF	AF-B9JAN3-F1-model_v6	3.497E-01	1.844E-01	1.256E-01	3.071E-01	0.029	7.380E+00
4r8u_LF	AF-A0QBI8-F1-model_v6	2.742E-01	1.546E-01	1.016E-01	2.501E-01	0.029	2.802E+00
4r8u_LF	AF-Q8G2A9-F1-model_v6	3.012E-01	1.865E-01	1.259E-01	2.959E-01	0.029	4.403E+00
4r8u_LF	AF-A1KUI2-F1-model_v6	2.581E-01	1.858E-01	1.270E-01	2.932E-01	0.029	3.189E+00
4r8u_LF	AF-Q9JYZ5-F1-model_v6	2.554E-01	1.925E-01	1.276E-01	2.773E-01	0.029	2.627E+00
4r8u_LF	AF-Q9JTZ1-F1-model_v6	2.723E-01	2.038E-01	1.270E-01	3.045E-01	0.029	4.128E+00
4r8u_LF	AF-A9I847-F1-model_v6	2.906E-01	2.062E-01	1.314E-01	2.785E-01	0.029	3.870E+00
4r8u_LF	AF-B7VPY4-F1-model_v6	3.179E-01	1.690E-01	9.743E-02	2.454E-01	0.029	3.189E+00
4r8u_LF	AF-B5EVT2-F1-model_v6	3.051E-01	2.036E-01	1.205E-01	3.038E-01	0.029	5.344E+00
4r8u_LF	AF-Q474I9-F1-model_v6	3.465E-01	1.656E-01	1.000E-01	2.402E-01	0.029	3.870E+00
4r8u_LF	AF-A1RKK6-F1-model_v6	2.089E-01	1.702E-01	1.127E-01	2.896E-01	0.029	2.029E+00
4r8u_LF	AF-Q083L3-F1-model_v6	2.483E-01	1.821E-01	1.102E-01	3.003E-01	0.029	3.401E+00
4r8u_LF	AF-A6WM67-F1-model_v6	2.482E-01	1.708E-01	1.151E-01	2.951E-01	0.029	3.189E+00
4r8u_LF	AF-Q2N6B2-F1-model_v6	2.527E-01	1.840E-01	1.129E-01	2.475E-01	0.029	2.165E+00
4r8u_LF	AF-B2JDT0-F1-model_v6	3.736E-01	1.556E-01	8.939E-02	2.328E-01	0.029	4.403E+00
4r8u_LF	AF-B2IX27-F1-model_v6	2.909E-01	1.747E-01	1.084E-01	2.548E-01	0.029	2.989E+00
4r8u_LF	AF-Q2T0M6-F1-model_v6	3.302E-01	1.778E-01	1.058E-01	2.504E-01	0.029	3.628E+00
4r8u_LF	AF-Q652P9-F1-model_v6	3.097E-01	1.560E-01	8.731E-02	2.051E-01	0.029	1.903E+00
4r8u_LF	AF-Q4ZPN9-F1-model_v6	2.846E-01	2.038E-01	1.263E-01	2.601E-01	0.029	3.401E+00
4r8u_LF	AF-Q487G8-F1-model_v6	2.844E-01	1.765E-01	1.055E-01	2.538E-01	0.029	2.989E+00
4r8u_LF	AF-C0Q5T4-F1-model_v6	3.510E-01	1.688E-01	9.672E-02	2.665E-01	0.029	5.010E+00
4r8u_LF	AF-B5BKC1-F1-model_v6	3.926E-01	1.589E-01	9.229E-02	2.541E-01	0.029	6.081E+00
4r8u_LF	AF-A9N035-F1-model_v6	3.509E-01	1.692E-01	9.562E-02	2.667E-01	0.029	5.344E+00
4r8u_LF	AF-Q0C3Z2-F1-model_v6	2.931E-01	1.903E-01	1.159E-01	2.764E-01	0.029	3.628E+00
4r8u_LF	AF-Q1B3H2-F1-model_v6	3.142E-01	1.794E-01	1.047E-01	2.490E-01	0.029	3.870E+00
4r8u_LF	AF-Q6I544-F1-model_v6	2.749E-01	1.474E-01	8.121E-02	1.978E-01	0.029	1.211E+00
4r8u_LF	AF-Q8H021-F1-model_v6	2.948E-01	1.621E-01	8.906E-02	2.301E-01	0.029	2.463E+00
4r8u_LF	AF-Q9SPV5-F1-model_v6	2.801E-01	1.556E-01	8.175E-02	2.074E-01	0.029	1.470E+00
4r8u_LF	AF-Q10BU2-F1-model_v6	3.044E-01	1.656E-01	8.528E-02	2.102E-01	0.029	2.029E+00
4r8u_LF	AF-A5IW58-F1-model_v6	2.873E-01	2.217E-01	1.194E-01	2.879E-01	0.029	3.870E+00
4r8u_LF	AF-Q7A381-F1-model_v6	2.911E-01	2.222E-01	1.207E-01	2.859E-01	0.029	3.870E+00
4r8u_LF	AF-A7X715-F1-model_v6	3.172E-01	2.440E-01	1.306E-01	2.707E-01	0.029	4.128E+00
4r8u_LF	AF-O88794-F1-model_v6	3.414E-01	1.864E-01	1.037E-01	2.895E-01	0.029	6.081E+00
4r8u_LF	AF-C1CRK0-F1-model_v6	4.887E-01	1.651E-01	6.905E-02	2.450E-01	0.029	9.555E+00
4r8u_LF	AF-P65780-F1-model_v6	4.889E-01	1.650E-01	6.902E-02	2.450E-01	0.029	9.555E+00
4r8u_LF	AF-P65779-F1-model_v6	4.882E-01	1.649E-01	6.899E-02	2.447E-01	0.029	9.555E+00
4r8u_LF	AF-B8ZPU4-F1-model_v6	4.861E-01	1.646E-01	6.891E-02	2.443E-01	0.029	8.397E+00
4r8u_LF	AF-C1C794-F1-model_v6	4.891E-01	1.651E-01	6.904E-02	2.450E-01	0.029	9.555E+00
4r8u_LF	AF-C1CKG4-F1-model_v6	4.891E-01	1.651E-01	6.905E-02	2.450E-01	0.029	9.555E+00
4r8u_LF	AF-Q9BY76-F1-model_v6	3.943E-01	2.608E-01	8.641E-02	2.731E-01	0.029	7.872E+00
4r8u_LF	AF-Q5ZK28-F1-model_v6	2.404E-01	1.488E-01	5.691E-02	2.636E-01	0.029	2.309E+00
4r8u_LF	AF-Q9XV51-F1-model_v6	2.525E-01	1.564E-01	5.922E-02	2.496E-01	0.029	2.309E+00
4r8u_LF	AF-Q9LTX3-F1-model_v6	2.835E-01	1.992E-01	6.697E-02	2.737E-01	0.029	3.628E+00
4r8u_LF	AF-Q8TDR2-F1-model_v6	2.926E-01	2.321E-01	7.933E-02	3.059E-01	0.029	4.403E+00
4r8u_LF	AF-Q6A548-F1-model_v6	2.587E-01	2.285E-01	3.549E-02	2.434E-01	0.029	2.309E+00
4r8u_LF	AF-Q0CJU7-F1-model_v6	2.727E-01	2.280E-01	3.135E-02	2.932E-01	0.029	4.128E+00
4r8u_LF	AF-A6UZ95-F1-model_v6	3.748E-01	1.708E-01	1.497E-01	2.223E-01	0.024	4.697E+00
4r8u_LF	AF-A5F8N1-F1-model_v6	3.977E-01	1.800E-01	1.576E-01	2.229E-01	0.024	6.081E+00
4r8u_LF	AF-C3LRH3-F1-model_v6	3.971E-01	1.798E-01	1.575E-01	2.227E-01	0.024	6.081E+00
4r8u_LF	AF-P0A2F5-F1-model_v6	2.431E-01	1.660E-01	1.299E-01	3.177E-01	0.024	4.403E+00
4r8u_LF	AF-P0AGD4-F1-model_v6	2.494E-01	1.688E-01	1.300E-01	3.193E-01	0.024	4.403E+00
4r8u_LF	AF-P0AGD5-F1-model_v6	2.492E-01	1.687E-01	1.299E-01	3.197E-01	0.024	4.403E+00
4r8u_LF	AF-P0AGD3-F1-model_v6	2.494E-01	1.686E-01	1.285E-01	3.198E-01	0.024	4.403E+00
4r8u_LF	AF-P0A2F4-F1-model_v6	2.428E-01	1.661E-01	1.298E-01	3.182E-01	0.024	4.403E+00
4r8u_LF	AF-Q88PD5-F1-model_v6	2.490E-01	1.673E-01	1.183E-01	3.070E-01	0.024	3.870E+00
4r8u_LF	AF-Q1GHI5-F1-model_v6	3.686E-01	1.761E-01	1.144E-01	2.476E-01	0.024	6.486E+00
4r8u_LF	AF-Q986A0-F1-model_v6	3.551E-01	1.810E-01	1.244E-01	3.057E-01	0.024	8.397E+00
4r8u_LF	AF-Q2KBN4-F1-model_v6	3.524E-01	1.829E-01	1.261E-01	3.050E-01	0.024	8.957E+00
4r8u_LF	AF-B9JSN3-F1-model_v6	3.409E-01	2.029E-01	1.314E-01	2.982E-01	0.024	7.872E+00
4r8u_LF	AF-B5ZSU2-F1-model_v6	3.510E-01	1.839E-01	1.246E-01	3.035E-01	0.024	8.397E+00
4r8u_LF	AF-P46271-F1-model_v6	2.658E-01	1.434E-01	8.458E-02	2.214E-01	0.024	2.309E+00
4r8u_LF	AF-P94040-F1-model_v6	2.665E-01	1.437E-01	8.441E-02	2.231E-01	0.024	2.309E+00
4r8u_LF	AF-L8BRS3-F1-model_v6	2.848E-01	1.465E-01	8.431E-02	2.017E-01	0.024	2.029E+00
4r8u_LF	AF-A9KY72-F1-model_v6	2.517E-01	1.842E-01	1.134E-01	2.965E-01	0.024	3.870E+00
4r8u_LF	AF-Q0HW76-F1-model_v6	2.470E-01	1.703E-01	1.148E-01	2.949E-01	0.024	3.870E+00
4r8u_LF	AF-B8EAI0-F1-model_v6	2.516E-01	1.833E-01	1.134E-01	2.960E-01	0.024	3.628E+00
4r8u_LF	AF-Q21IG1-F1-model_v6	2.898E-01	2.150E-01	1.323E-01	3.064E-01	0.024	5.701E+00
4r8u_LF	AF-B8HMK7-F1-model_v6	2.714E-01	2.088E-01	1.296E-01	3.025E-01	0.024	5.344E+00
4r8u_LF	AF-B2SY78-F1-model_v6	2.709E-01	1.918E-01	1.301E-01	2.869E-01	0.024	4.128E+00
4r8u_LF	AF-O65252-F1-model_v6	3.109E-01	1.659E-01	9.550E-02	2.246E-01	0.024	3.189E+00
4r8u_LF	AF-Q8A7E7-F1-model_v6	2.646E-01	1.905E-01	1.284E-01	3.022E-01	0.024	4.697E+00
4r8u_LF	AF-Q04ZE7-F1-model_v6	2.672E-01	1.886E-01	1.181E-01	2.885E-01	0.024	4.128E+00
4r8u_LF	AF-B0JI39-F1-model_v6	2.811E-01	1.619E-01	1.225E-01	2.895E-01	0.024	4.697E+00
4r8u_LF	AF-A6H098-F1-model_v6	3.210E-01	1.797E-01	1.103E-01	2.619E-01	0.024	5.344E+00
4r8u_LF	AF-A5IH19-F1-model_v6	2.708E-01	1.781E-01	1.135E-01	2.626E-01	0.024	3.628E+00
4r8u_LF	AF-C1DEH4-F1-model_v6	3.203E-01	2.046E-01	1.233E-01	2.599E-01	0.024	4.697E+00
4r8u_LF	AF-Q87XR0-F1-model_v6	3.059E-01	2.152E-01	1.344E-01	2.494E-01	0.024	3.870E+00
4r8u_LF	AF-Q1LU04-F1-model_v6	2.799E-01	2.093E-01	1.367E-01	3.242E-01	0.024	5.701E+00
4r8u_LF	AF-Q8Z6Q2-F1-model_v6	3.496E-01	1.685E-01	9.674E-02	2.664E-01	0.024	6.486E+00
4r8u_LF	AF-Q5PIK6-F1-model_v6	3.501E-01	1.685E-01	9.659E-02	2.675E-01	0.024	6.081E+00
4r8u_LF	AF-Q8IQC1-3-F1-model_v6	3.397E-01	2.139E-01	1.248E-01	3.117E-01	0.024	8.957E+00
4r8u_LF	AF-Q9FZ27-F1-model_v6	2.603E-01	1.451E-01	7.955E-02	1.884E-01	0.024	1.470E+00
4r8u_LF	AF-A8M0C0-F1-model_v6	4.028E-01	1.889E-01	1.105E-01	2.590E-01	0.024	7.872E+00
4r8u_LF	AF-Q51793-F1-model_v6	2.429E-01	1.752E-01	1.116E-01	2.565E-01	0.024	2.627E+00
4r8u_LF	AF-O96347-F1-model_v6	2.825E-01	1.648E-01	1.107E-01	3.034E-01	0.024	6.081E+00
4r8u_LF	AF-Q6GDH1-F1-model_v6	2.815E-01	2.168E-01	1.173E-01	2.642E-01	0.024	4.403E+00
4r8u_LF	AF-Q2FUY1-F1-model_v6	2.807E-01	2.216E-01	1.223E-01	2.731E-01	0.024	4.697E+00
4r8u_LF	AF-A6QKC0-F1-model_v6	2.890E-01	2.242E-01	1.238E-01	2.742E-01	0.024	4.128E+00
4r8u_LF	AF-P23396-F1-model_v6	2.981E-01	2.265E-01	1.256E-01	2.854E-01	0.024	5.344E+00
4r8u_LF	AF-A8N1Z1-F1-model_v6	3.276E-01	2.072E-01	1.081E-01	3.162E-01	0.024	7.380E+00
4r8u_LF	AF-Q03EW6-F1-model_v6	4.311E-01	1.724E-01	7.482E-02	2.610E-01	0.024	9.555E+00
4r8u_LF	AF-Q3K103-F1-model_v6	4.658E-01	1.611E-01	6.745E-02	2.457E-01	0.024	8.957E+00
4r8u_LF	AF-Q8DU98-F1-model_v6	4.245E-01	1.633E-01	6.745E-02	2.538E-01	0.024	8.957E+00
4r8u_LF	AF-Q9RF12-F1-model_v6	4.872E-01	1.672E-01	5.583E-02	1.728E-01	0.024	5.010E+00
4r8u_LF	AF-Q2KJ51-F1-model_v6	4.184E-01	2.620E-01	8.596E-02	2.573E-01	0.024	9.555E+00
4r8u_LF	AF-Q16822-2-F1-model_v6	3.317E-01	1.648E-01	5.896E-02	2.959E-01	0.024	6.919E+00
4r8u_LF	AF-Q8J2T0-F1-model_v6	3.151E-01	1.876E-01	5.600E-02	2.682E-01	0.024	5.010E+00
4r8u_LF	AF-Q97FQ5-F1-model_v6	4.198E-01	2.363E-01	5.184E-02	2.706E-01	0.024	9.555E+00
4r8u_LF	AF-Q99031-F1-model_v6	3.445E-01	2.180E-01	3.193E-02	2.415E-01	0.024	5.701E+00
4r8u_LF	AF-P48423-F1-model_v6	4.643E-01	1.742E-01	2.018E-02	2.024E-01	0.024	7.380E+00
4r8u_LF	AF-A4TQD9-F1-model_v6	3.827E-01	1.795E-01	1.591E-01	2.118E-01	0.020	6.081E+00
4r8u_LF	AF-Q8ZIK6-F1-model_v6	3.831E-01	1.798E-01	1.594E-01	2.124E-01	0.020	6.081E+00
4r8u_LF	AF-A7FMC2-F1-model_v6	3.807E-01	1.795E-01	1.592E-01	2.124E-01	0.020	6.081E+00
4r8u_LF	AF-Q9I5U6-F1-model_v6	3.884E-01	1.788E-01	1.567E-01	2.288E-01	0.020	6.919E+00
4r8u_LF	AF-Q4UR38-F1-model_v6	2.342E-01	2.078E-01	1.884E-01	2.457E-01	0.020	2.802E+00
4r8u_LF	AF-Q2VZE7-F1-model_v6	4.226E-01	1.686E-01	1.435E-01	2.246E-01	0.020	7.872E+00
4r8u_LF	AF-Q8LEK2-F1-model_v6	3.208E-01	1.989E-01	1.314E-01	2.937E-01	0.020	8.957E+00
4r8u_LF	AF-P37369-F1-model_v6	2.623E-01	1.472E-01	1.098E-01	2.827E-01	0.020	5.010E+00
4r8u_LF	AF-Q29S14-F1-model_v6	3.151E-01	2.148E-01	1.298E-01	2.891E-01	0.020	8.397E+00
4r8u_LF	AF-Q7W4Q1-F1-model_v6	3.161E-01	2.001E-01	1.242E-01	2.755E-01	0.020	7.872E+00
4r8u_LF	AF-Q7MBT9-F1-model_v6	2.537E-01	1.708E-01	1.264E-01	2.848E-01	0.020	4.403E+00
4r8u_LF	AF-C3LWZ1-F1-model_v6	2.714E-01	1.690E-01	9.741E-02	2.323E-01	0.020	3.401E+00
4r8u_LF	AF-A1TWZ3-F1-model_v6	2.556E-01	1.874E-01	1.152E-01	2.906E-01	0.020	5.010E+00
4r8u_LF	AF-Q8ED71-F1-model_v6	2.508E-01	1.844E-01	1.135E-01	2.940E-01	0.020	5.344E+00
4r8u_LF	AF-B4RVA4-F1-model_v6	3.450E-01	1.693E-01	9.703E-02	2.440E-01	0.020	6.919E+00
4r8u_LF	AF-Q0HJY0-F1-model_v6	2.133E-01	1.723E-01	1.110E-01	2.927E-01	0.020	3.628E+00
4r8u_LF	AF-A3D3G4-F1-model_v6	2.144E-01	1.730E-01	1.119E-01	2.937E-01	0.020	3.189E+00
4r8u_LF	AF-Q7MU50-F1-model_v6	2.261E-01	1.830E-01	1.131E-01	2.892E-01	0.020	3.628E+00
4r8u_LF	AF-Q9I4S5-F1-model_v6	2.839E-01	1.969E-01	1.237E-01	2.522E-01	0.020	5.010E+00
4r8u_LF	AF-Q02IL5-F1-model_v6	2.837E-01	1.967E-01	1.237E-01	2.534E-01	0.020	5.010E+00
4r8u_LF	AF-Q5WZ02-F1-model_v6	2.797E-01	1.802E-01	1.161E-01	2.512E-01	0.020	4.403E+00
4r8u_LF	AF-B7UXE2-F1-model_v6	2.837E-01	1.966E-01	1.238E-01	2.549E-01	0.020	5.344E+00
4r8u_LF	AF-Q2S544-F1-model_v6	2.907E-01	1.681E-01	1.021E-01	2.605E-01	0.020	5.010E+00
4r8u_LF	AF-Q9S8P4-F1-model_v6	2.552E-01	1.433E-01	7.944E-02	1.873E-01	0.020	1.903E+00
4r8u_LF	AF-Q1CIM4-F1-model_v6	3.403E-01	1.572E-01	9.724E-02	2.284E-01	0.020	5.010E+00
4r8u_LF	AF-Q1C790-F1-model_v6	3.437E-01	1.573E-01	9.730E-02	2.272E-01	0.020	5.010E+00
4r8u_LF	AF-A3QDE1-F1-model_v6	2.217E-01	1.723E-01	9.773E-02	2.413E-01	0.020	2.309E+00
4r8u_LF	AF-B1LEP8-F1-model_v6	3.239E-01	1.691E-01	9.680E-02	2.657E-01	0.020	6.919E+00
4r8u_LF	AF-Q1J188-F1-model_v6	3.670E-01	1.538E-01	8.599E-02	2.346E-01	0.020	6.919E+00
4r8u_LF	AF-B7NTZ4-F1-model_v6	3.237E-01	1.693E-01	9.483E-02	2.402E-01	0.020	6.081E+00
4r8u_LF	AF-A4F7G2-F1-model_v6	2.574E-01	1.716E-01	1.017E-01	2.428E-01	0.020	3.401E+00
4r8u_LF	AF-Q0S6R1-F1-model_v6	2.716E-01	1.564E-01	9.654E-02	2.102E-01	0.020	2.627E+00
4r8u_LF	AF-A8Z5D0-F1-model_v6	2.802E-01	2.227E-01	1.222E-01	2.738E-01	0.020	5.010E+00
4r8u_LF	AF-A6U515-F1-model_v6	3.043E-01	2.357E-01	1.276E-01	2.733E-01	0.020	6.919E+00
4r8u_LF	AF-P48152-F1-model_v6	2.512E-01	2.066E-01	1.193E-01	2.774E-01	0.020	4.697E+00
4r8u_LF	AF-P79891-F1-model_v6	3.145E-01	2.425E-01	1.297E-01	3.018E-01	0.020	7.872E+00
4r8u_LF	AF-Q9LRK5-F1-model_v6	2.391E-01	2.305E-01	1.509E-01	3.558E-01	0.020	6.919E+00
4r8u_LF	AF-Q0TV31-F1-model_v6	4.873E-01	1.673E-01	5.585E-02	1.734E-01	0.020	6.919E+00
4r8u_LF	AF-Q891I0-F1-model_v6	3.727E-01	2.210E-01	4.927E-02	2.640E-01	0.020	8.397E+00
4r8u_LF	AF-Q2ULU6-F1-model_v6	2.808E-01	2.338E-01	3.186E-02	2.828E-01	0.020	6.486E+00
4r8u_LF	AF-V9M398-F1-model_v6	2.665E-01	2.171E-01	2.867E-02	1.918E-01	0.020	2.309E+00
4r8u_LF	AF-A9QZZ1-F1-model_v6	3.831E-01	1.817E-01	1.612E-01	2.225E-01	0.016	8.957E+00
4r8u_LF	AF-Q8YFA4-F1-model_v6	4.011E-01	1.816E-01	1.544E-01	2.385E-01	0.016	9.555E+00
4r8u_LF	AF-Q57F54-F1-model_v6	4.011E-01	1.816E-01	1.544E-01	2.389E-01	0.016	9.555E+00
4r8u_LF	AF-A4Z2J6-F1-model_v6	3.955E-01	1.805E-01	1.536E-01	2.387E-01	0.016	9.555E+00
4r8u_LF	AF-B0CJT2-F1-model_v6	4.010E-01	1.815E-01	1.543E-01	2.380E-01	0.016	9.555E+00
4r8u_LF	AF-B2S946-F1-model_v6	4.012E-01	1.816E-01	1.544E-01	2.380E-01	0.016	9.555E+00
4r8u_LF	AF-Q2YPH0-F1-model_v6	4.014E-01	1.816E-01	1.544E-01	2.385E-01	0.016	9.555E+00
4r8u_LF	AF-A9M7Z1-F1-model_v6	4.018E-01	1.817E-01	1.545E-01	2.380E-01	0.016	9.555E+00
4r8u_LF	AF-O33605-F1-model_v6	2.183E-01	1.669E-01	1.380E-01	3.120E-01	0.016	5.344E+00
4r8u_LF	AF-A5GVG1-F1-model_v6	3.019E-01	2.071E-01	1.620E-01	2.790E-01	0.016	8.957E+00
4r8u_LF	AF-Q3AZB4-F1-model_v6	3.594E-01	1.607E-01	1.231E-01	2.651E-01	0.016	9.555E+00
4r8u_LF	AF-P19665-F1-model_v6	2.417E-01	1.480E-01	1.304E-01	3.004E-01	0.016	5.701E+00
4r8u_LF	AF-P19685-F1-model_v6	2.744E-01	1.479E-01	1.116E-01	2.888E-01	0.016	7.872E+00
4r8u_LF	AF-P53638-F1-model_v6	2.577E-01	1.454E-01	1.094E-01	2.715E-01	0.016	5.701E+00
4r8u_LF	AF-D3KVM5-F1-model_v6	2.631E-01	1.683E-01	1.217E-01	3.061E-01	0.016	6.919E+00
4r8u_LF	AF-Q92UI1-F1-model_v6	3.218E-01	1.658E-01	9.403E-02	2.114E-01	0.016	5.344E+00
4r8u_LF	AF-Q8UHC2-F1-model_v6	2.751E-01	1.548E-01	1.029E-01	2.394E-01	0.016	5.010E+00
4r8u_LF	AF-Q89AR7-F1-model_v6	2.325E-01	1.423E-01	1.156E-01	2.930E-01	0.016	5.701E+00
4r8u_LF	AF-Q9ZRA4-F1-model_v6	2.915E-01	1.581E-01	9.062E-02	2.257E-01	0.016	5.344E+00
4r8u_LF	AF-Q7VU72-F1-model_v6	3.159E-01	1.999E-01	1.241E-01	2.752E-01	0.016	7.872E+00
4r8u_LF	AF-Q9KKM4-F1-model_v6	2.742E-01	1.701E-01	9.778E-02	2.356E-01	0.016	4.697E+00
4r8u_LF	AF-P94072-F1-model_v6	2.965E-01	1.509E-01	8.612E-02	2.081E-01	0.016	3.870E+00
4r8u_LF	AF-Q2SDP4-F1-model_v6	2.269E-01	1.814E-01	1.183E-01	2.592E-01	0.016	3.401E+00
4r8u_LF	AF-O04011-F1-model_v6	2.931E-01	1.490E-01	8.473E-02	2.083E-01	0.016	3.870E+00
4r8u_LF	AF-Q9RX20-F1-model_v6	2.490E-01	1.536E-01	1.102E-01	2.746E-01	0.016	5.344E+00
4r8u_LF	AF-A6V9E9-F1-model_v6	2.968E-01	2.050E-01	1.293E-01	2.395E-01	0.016	6.081E+00
4r8u_LF	AF-Q5X7K4-F1-model_v6	2.778E-01	1.780E-01	1.154E-01	2.502E-01	0.016	5.344E+00
4r8u_LF	AF-Q48LQ7-F1-model_v6	2.843E-01	2.038E-01	1.251E-01	2.604E-01	0.016	6.081E+00
4r8u_LF	AF-Q5ZY37-F1-model_v6	2.787E-01	1.780E-01	1.157E-01	2.498E-01	0.016	5.344E+00
4r8u_LF	AF-Q0T4D9-F1-model_v6	3.232E-01	1.690E-01	9.475E-02	2.394E-01	0.016	6.486E+00
4r8u_LF	AF-Q8X647-F1-model_v6	3.215E-01	1.689E-01	9.471E-02	2.408E-01	0.016	6.486E+00
4r8u_LF	AF-Q6F718-F1-model_v6	2.759E-01	1.942E-01	1.156E-01	3.115E-01	0.016	9.555E+00
4r8u_LF	AF-P94014-F1-model_v6	2.940E-01	1.573E-01	8.696E-02	2.003E-01	0.016	3.401E+00
4r8u_LF	AF-B0C079-F1-model_v6	2.699E-01	1.896E-01	1.246E-01	2.899E-01	0.016	6.919E+00
4r8u_LF	AF-Q0ARD7-F1-model_v6	2.951E-01	1.766E-01	1.072E-01	2.572E-01	0.016	7.380E+00
4r8u_LF	AF-Q7XZY1-F1-model_v6	2.757E-01	1.458E-01	7.828E-02	1.969E-01	0.016	3.189E+00
4r8u_LF	AF-Q9S772-F1-model_v6	2.814E-01	1.510E-01	8.012E-02	1.905E-01	0.016	2.989E+00
4r8u_LF	AF-P38075-F1-model_v6	2.257E-01	1.790E-01	1.006E-01	2.388E-01	0.016	3.401E+00
4r8u_LF	AF-Q8NUK9-F1-model_v6	3.021E-01	2.333E-01	1.258E-01	2.793E-01	0.016	8.397E+00
4r8u_LF	AF-Q5R465-F1-model_v6	2.999E-01	2.336E-01	1.321E-01	2.890E-01	0.016	9.555E+00
4r8u_LF	AF-Q06559-F1-model_v6	3.031E-01	2.313E-01	1.286E-01	2.857E-01	0.016	8.397E+00
4r8u_LF	AF-P59026-F1-model_v6	3.886E-01	1.805E-01	5.755E-02	2.005E-01	0.016	6.919E+00
4r8u_LF	AF-O54233-F1-model_v6	2.218E-01	1.603E-01	1.286E-01	3.112E-01	0.014	6.486E+00
4r8u_LF	AF-P09213-F1-model_v6	2.638E-01	1.793E-01	1.273E-01	3.098E-01	0.014	9.555E+00
4r8u_LF	AF-Q28PH0-F1-model_v6	3.333E-01	1.541E-01	9.783E-02	2.338E-01	0.014	9.555E+00
4r8u_LF	AF-A6U6T5-F1-model_v6	2.782E-01	1.560E-01	1.029E-01	2.396E-01	0.014	6.486E+00
4r8u_LF	AF-A3Q628-F1-model_v6	2.764E-01	1.531E-01	1.018E-01	2.496E-01	0.014	6.919E+00
4r8u_LF	AF-P45854-F1-model_v6	2.959E-01	1.495E-01	8.609E-02	2.089E-01	0.014	5.010E+00
4r8u_LF	AF-A5F176-F1-model_v6	2.484E-01	1.697E-01	9.951E-02	2.302E-01	0.014	5.344E+00
4r8u_LF	AF-B7JZR4-F1-model_v6	3.007E-01	1.641E-01	9.392E-02	2.270E-01	0.014	7.380E+00
4r8u_LF	AF-A5EXX0-F1-model_v6	2.470E-01	1.719E-01	1.011E-01	3.005E-01	0.014	7.380E+00
4r8u_LF	AF-A1JNV9-F1-model_v6	2.670E-01	1.711E-01	9.903E-02	2.327E-01	0.014	5.344E+00
4r8u_LF	AF-Q47TD1-F1-model_v6	3.102E-01	1.546E-01	8.684E-02	2.401E-01	0.014	7.380E+00
4r8u_LF	AF-Q51521-F1-model_v6	2.468E-01	1.736E-01	1.084E-01	2.611E-01	0.014	6.081E+00
4r8u_LF	AF-Q54YS6-F1-model_v6	2.543E-01	1.672E-01	1.028E-01	2.482E-01	0.014	5.701E+00
4r8u_LF	AF-Q2G2Y0-F1-model_v6	3.146E-01	1.785E-01	1.015E-01	2.374E-01	0.014	8.957E+00
4r8u_LF	AF-A0A0H3K6Z8-F1-model_v6	3.144E-01	1.785E-01	1.014E-01	2.372E-01	0.014	8.957E+00
4r8u_LF	AF-Q6G643-F1-model_v6	2.594E-01	2.073E-01	1.204E-01	2.878E-01	0.014	8.957E+00
4r8u_LF	AF-Q99R06-F1-model_v6	3.045E-01	2.340E-01	1.272E-01	2.723E-01	0.014	8.957E+00
4r8u_LF	AF-P48153-F1-model_v6	2.679E-01	2.085E-01	1.233E-01	2.834E-01	0.014	7.872E+00
4r8u_LF	AF-P47835-F1-model_v6	2.977E-01	2.316E-01	1.296E-01	2.866E-01	0.014	9.555E+00
4r8u_LF	AF-Q9LRL6-F1-model_v6	2.296E-01	2.481E-01	1.336E-01	3.024E-01	0.014	7.380E+00
4r8u_LF	AF-O34714-F1-model_v6	3.118E-01	1.581E-01	5.283E-02	2.187E-01	0.014	6.919E+00
4r8u_LF	AF-P0C216-F1-model_v6	4.533E-01	1.504E-01	5.066E-02	1.629E-01	0.014	8.397E+00
4r8u_LF	AF-A8ILE7-F1-model_v6	2.254E-01	1.857E-01	1.788E-01	2.151E-01	0.011	4.403E+00
4r8u_LF	AF-O33783-F1-model_v6	2.046E-01	1.559E-01	1.287E-01	2.895E-01	0.011	6.486E+00
4r8u_LF	AF-O54266-F1-model_v6	2.214E-01	1.602E-01	1.301E-01	3.088E-01	0.011	8.957E+00
4r8u_LF	AF-C3MHI2-F1-model_v6	2.747E-01	1.543E-01	1.027E-01	2.399E-01	0.011	8.397E+00
4r8u_LF	AF-Q5QTW7-F1-model_v6	2.522E-01	1.641E-01	1.054E-01	2.873E-01	0.011	9.555E+00
4r8u_LF	AF-Q9CAC7-F1-model_v6	2.277E-01	2.054E-01	1.189E-01	3.044E-01	0.011	9.555E+00
4r8u_LF	AF-P17972-F1-model_v6	2.497E-01	1.628E-01	5.793E-02	3.038E-01	0.011	9.555E+00
4r8u_LF	AF-Q5YSB9-F1-model_v6	2.523E-01	1.716E-01	4.895E-02	2.512E-01	0.011	7.872E+00
4r8u_LF	AF-P44678-F1-model_v6	2.171E-01	2.020E-01	9.233E-02	2.723E-01	0.010	8.957E+00
4r8u_LF	AF-Q46150-F1-model_v6	3.270E-01	1.511E-01	5.167E-02	1.696E-01	0.010	6.919E+00
4r8u_LF	AF-B7K1H5-F1-model_v6	2.564E-01	1.385E-01	3.657E-02	2.490E-01	0.010	8.957E+00
4r8u_LF	AF-P33349-F1-model_v6	2.344E-01	1.715E-01	4.401E-02	2.511E-01	0.010	8.957E+00
4r8u_LF	AF-Q09733-F1-model_v6	2.415E-01	2.123E-01	3.672E-02	2.393E-01	0.010	7.380E+00
4r8u_LF	AF-B1JE08-F1-model_v6	2.566E-01	2.189E-01	2.004E-01	2.220E-01	0.009	9.555E+00
4r8u_LF	AF-P15977-F1-model_v6	1.234E-01	1.470E-01	3.583E-02	1.924E-01	0.009	1.568E+00
4r8u_LF	AF-A5VXJ4-F1-model_v6	1.314E-01	1.639E-01	1.681E-01	1.976E-01	0.000	5.010E+00
4r8u_LF	AF-Q88QT7-F1-model_v6	1.294E-01	1.640E-01	1.681E-01	1.984E-01	0.000	5.010E+00
