9bk5A	AF-A3N148-F1-model_v6	4.417E-01	4.244E-01	1.414E-01	4.986E-01	0.981	8.106E-03
9bk5A	AF-B0BPX9-F1-model_v6	4.544E-01	4.370E-01	1.463E-01	5.100E-01	0.975	1.353E-02
9bk5A	AF-Q7USY7-F1-model_v6	5.338E-01	5.084E-01	1.409E-01	5.032E-01	0.975	2.736E-02
9bk5A	AF-Q65TG8-F1-model_v6	4.496E-01	4.354E-01	1.470E-01	4.980E-01	0.961	1.639E-02
9bk5A	AF-Q9VNX1-F1-model_v6	4.688E-01	4.521E-01	6.861E-02	4.770E-01	0.941	2.407E-02
9bk5A	AF-Q8UFV3-F1-model_v6	4.685E-01	4.502E-01	1.312E-01	4.863E-01	0.933	3.315E-02
9bk5A	AF-Q98LV1-F1-model_v6	4.676E-01	4.469E-01	1.215E-01	4.751E-01	0.923	3.315E-02
9bk5A	AF-A7MEN4-F1-model_v6	4.533E-01	4.355E-01	1.429E-01	4.726E-01	0.912	2.917E-02
9bk5A	AF-B8F542-F1-model_v6	4.468E-01	4.311E-01	1.430E-01	4.928E-01	0.912	3.535E-02
9bk5A	AF-Q5P5G2-F1-model_v6	4.239E-01	4.060E-01	8.398E-02	4.725E-01	0.912	2.118E-02
9bk5A	AF-Q8UJK7-F1-model_v6	4.532E-01	4.404E-01	1.391E-01	4.644E-01	0.900	3.110E-02
9bk5A	AF-Q9AK82-F1-model_v6	4.234E-01	4.097E-01	1.159E-01	4.974E-01	0.900	3.535E-02
9bk5A	AF-P58963-F1-model_v6	4.495E-01	4.318E-01	1.478E-01	4.949E-01	0.887	4.868E-02
9bk5A	AF-A6W1V6-F1-model_v6	4.178E-01	4.057E-01	1.431E-01	4.829E-01	0.887	2.917E-02
9bk5A	AF-Q9CNG4-F1-model_v6	4.426E-01	4.265E-01	1.382E-01	4.848E-01	0.887	4.283E-02
9bk5A	AF-Q5M2Y5-F1-model_v6	4.076E-01	3.983E-01	1.382E-01	4.512E-01	0.887	2.118E-02
9bk5A	AF-Q4ZWM4-F1-model_v6	4.896E-01	4.712E-01	1.480E-01	4.900E-01	0.872	8.125E-02
9bk5A	AF-C6A267-F1-model_v6	6.036E-01	4.358E-01	4.358E-01	5.136E-01	0.855	2.572E-01
9bk5A	AF-Q93RN4-F1-model_v6	5.544E-01	5.308E-01	1.782E-01	4.946E-01	0.855	1.446E-01
9bk5A	AF-A0KHD5-F1-model_v6	4.188E-01	4.064E-01	1.401E-01	4.585E-01	0.855	3.315E-02
9bk5A	AF-Q487H6-F1-model_v6	4.544E-01	4.420E-01	1.434E-01	4.986E-01	0.855	6.705E-02
9bk5A	AF-Q5LYC2-F1-model_v6	4.131E-01	4.037E-01	1.393E-01	4.561E-01	0.855	3.110E-02
9bk5A	AF-Q3ZWB2-F1-model_v6	5.623E-01	5.372E-01	1.468E-01	5.175E-01	0.855	1.991E-01
9bk5A	AF-Q8U3S9-F1-model_v6	6.056E-01	4.139E-01	4.182E-01	5.091E-01	0.837	2.742E-01
9bk5A	AF-Q9I534-F1-model_v6	4.869E-01	4.687E-01	1.483E-01	4.883E-01	0.837	9.846E-02
9bk5A	AF-Q5FSM8-F1-model_v6	4.695E-01	4.498E-01	1.496E-01	5.020E-01	0.837	9.846E-02
9bk5A	AF-Q8XZ19-F1-model_v6	4.677E-01	4.458E-01	1.377E-01	4.799E-01	0.837	7.621E-02
9bk5A	AF-Q9JWJ7-F1-model_v6	5.629E-01	5.093E-01	1.826E-01	5.108E-01	0.817	2.413E-01
9bk5A	AF-Q8DQZ7-F1-model_v6	4.041E-01	3.904E-01	1.389E-01	4.390E-01	0.817	2.917E-02
9bk5A	AF-Q3KH18-F1-model_v6	4.888E-01	4.664E-01	1.409E-01	4.736E-01	0.817	9.846E-02
9bk5A	AF-A2RNH9-F1-model_v6	3.894E-01	3.781E-01	1.301E-01	4.215E-01	0.817	1.987E-02
9bk5A	AF-O42917-F1-model_v6	4.383E-01	4.237E-01	6.776E-02	4.948E-01	0.817	7.621E-02
9bk5A	AF-Q02I83-F1-model_v6	4.927E-01	4.694E-01	1.472E-01	4.842E-01	0.795	1.272E-01
9bk5A	AF-A6VA50-F1-model_v6	4.886E-01	4.648E-01	1.420E-01	4.738E-01	0.795	1.119E-01
9bk5A	AF-A9MNS1-F1-model_v6	4.740E-01	4.513E-01	1.414E-01	4.835E-01	0.795	1.119E-01
9bk5A	AF-Q1RFU0-F1-model_v6	4.497E-01	4.320E-01	1.412E-01	4.929E-01	0.795	9.846E-02
9bk5A	AF-Q0TL85-F1-model_v6	4.493E-01	4.316E-01	1.412E-01	4.934E-01	0.795	9.846E-02
9bk5A	AF-Q04M21-F1-model_v6	4.016E-01	3.902E-01	1.388E-01	4.386E-01	0.795	3.535E-02
9bk5A	AF-Q97SC7-F1-model_v6	4.236E-01	3.904E-01	1.367E-01	4.080E-01	0.795	3.315E-02
9bk5A	AF-A8H771-F1-model_v6	4.606E-01	4.396E-01	1.432E-01	4.516E-01	0.795	7.621E-02
9bk5A	AF-Q086K1-F1-model_v6	4.449E-01	4.257E-01	1.391E-01	4.513E-01	0.795	5.899E-02
9bk5A	AF-P63989-F1-model_v6	4.747E-01	4.517E-01	1.415E-01	4.844E-01	0.772	1.193E-01
9bk5A	AF-Q3II35-F1-model_v6	4.534E-01	4.314E-01	1.353E-01	4.705E-01	0.772	9.846E-02
9bk5A	AF-P59477-F1-model_v6	4.529E-01	4.352E-01	1.435E-01	4.905E-01	0.772	1.119E-01
9bk5A	AF-Q47155-F1-model_v6	4.530E-01	4.354E-01	1.435E-01	4.908E-01	0.772	1.119E-01
9bk5A	AF-A7ZHZ2-F1-model_v6	4.523E-01	4.346E-01	1.433E-01	4.906E-01	0.772	1.119E-01
9bk5A	AF-A7ZWJ6-F1-model_v6	4.526E-01	4.349E-01	1.433E-01	4.912E-01	0.772	1.119E-01
9bk5A	AF-A8AKQ2-F1-model_v6	4.792E-01	4.555E-01	1.426E-01	4.809E-01	0.772	1.272E-01
9bk5A	AF-A4XT24-F1-model_v6	4.500E-01	4.362E-01	1.439E-01	4.783E-01	0.772	9.846E-02
9bk5A	AF-Q88NK4-F1-model_v6	4.129E-01	4.020E-01	1.391E-01	4.642E-01	0.772	5.899E-02
9bk5A	AF-Q5X7J1-F1-model_v6	4.681E-01	4.454E-01	1.396E-01	4.743E-01	0.772	1.050E-01
9bk5A	AF-A5FSS1-F1-model_v6	5.396E-01	5.142E-01	1.427E-01	4.942E-01	0.772	2.123E-01
9bk5A	AF-A5N2U5-F1-model_v6	4.166E-01	4.046E-01	1.274E-01	4.463E-01	0.772	5.190E-02
9bk5A	AF-Q2RJ46-F1-model_v6	4.090E-01	4.019E-01	1.285E-01	4.349E-01	0.772	4.018E-02
9bk5A	AF-Q6JDV7-2-F1-model_v6	4.266E-01	4.212E-01	1.376E-01	5.269E-01	0.772	1.193E-01
9bk5A	AF-Q8PYQ2-F1-model_v6	5.499E-01	3.966E-01	4.739E-01	4.735E-01	0.747	2.263E-01
9bk5A	AF-Q57SU1-F1-model_v6	4.743E-01	4.510E-01	1.415E-01	4.834E-01	0.747	1.356E-01
9bk5A	AF-Q5PF76-F1-model_v6	4.749E-01	4.516E-01	1.415E-01	4.829E-01	0.747	1.446E-01
9bk5A	AF-A8GAC8-F1-model_v6	4.287E-01	4.122E-01	1.386E-01	4.650E-01	0.747	8.125E-02
9bk5A	AF-B2U3S3-F1-model_v6	4.528E-01	4.353E-01	1.425E-01	4.906E-01	0.747	1.193E-01
9bk5A	AF-A5IH02-F1-model_v6	4.685E-01	4.468E-01	1.396E-01	4.763E-01	0.747	1.272E-01
9bk5A	AF-A3CSG3-F1-model_v6	4.191E-01	4.104E-01	1.478E-01	4.799E-01	0.747	8.125E-02
9bk5A	AF-Q03J54-F1-model_v6	3.613E-01	3.559E-01	1.366E-01	4.521E-01	0.747	3.110E-02
9bk5A	AF-P34409-2-F1-model_v6	3.499E-01	3.406E-01	1.058E-01	4.269E-01	0.747	2.258E-02
9bk5A	AF-A1JU65-F1-model_v6	5.095E-01	4.897E-01	1.688E-01	4.583E-01	0.720	1.643E-01
9bk5A	AF-Q83M86-F1-model_v6	4.490E-01	4.311E-01	1.412E-01	4.943E-01	0.720	1.356E-01
9bk5A	AF-Q3Z5A4-F1-model_v6	4.495E-01	4.318E-01	1.412E-01	4.940E-01	0.720	1.356E-01
9bk5A	AF-B1J100-F1-model_v6	4.498E-01	4.321E-01	1.412E-01	4.940E-01	0.720	1.356E-01
9bk5A	AF-Q8X7Q1-F1-model_v6	4.530E-01	4.353E-01	1.435E-01	4.906E-01	0.720	1.446E-01
9bk5A	AF-A1A7U2-F1-model_v6	4.528E-01	4.368E-01	1.435E-01	4.900E-01	0.720	1.356E-01
9bk5A	AF-Q32J17-F1-model_v6	4.497E-01	4.320E-01	1.411E-01	4.941E-01	0.720	1.356E-01
9bk5A	AF-A1JNY3-F1-model_v6	4.532E-01	4.354E-01	1.440E-01	4.883E-01	0.720	1.356E-01
9bk5A	AF-A8FYV3-F1-model_v6	4.672E-01	4.457E-01	1.413E-01	4.736E-01	0.720	1.356E-01
9bk5A	AF-A5D243-F1-model_v6	3.675E-01	3.599E-01	1.197E-01	4.064E-01	0.720	2.566E-02
9bk5A	AF-Q9HQT4-F1-model_v6	4.507E-01	4.441E-01	1.356E-01	4.770E-01	0.720	1.193E-01
9bk5A	AF-O31990-F1-model_v6	4.668E-01	4.352E-01	1.273E-01	4.522E-01	0.720	1.193E-01
9bk5A	AF-O73977-F1-model_v6	5.741E-01	4.111E-01	4.153E-01	4.682E-01	0.692	3.543E-01
9bk5A	AF-P63990-F1-model_v6	4.743E-01	4.510E-01	1.415E-01	4.837E-01	0.692	1.991E-01
9bk5A	AF-A9MY13-F1-model_v6	4.747E-01	4.513E-01	1.415E-01	4.822E-01	0.692	1.752E-01
9bk5A	AF-A1S8M3-F1-model_v6	4.426E-01	4.271E-01	1.431E-01	4.238E-01	0.692	8.662E-02
9bk5A	AF-B0TQD1-F1-model_v6	4.425E-01	4.264E-01	1.413E-01	4.323E-01	0.692	8.662E-02
9bk5A	AF-P54560-F1-model_v6	3.995E-01	3.740E-01	1.202E-01	4.365E-01	0.692	6.289E-02
9bk5A	AF-A7Z6F3-F1-model_v6	4.524E-01	4.398E-01	1.340E-01	4.882E-01	0.692	1.541E-01
9bk5A	AF-Q8FW50-F1-model_v6	3.713E-01	3.454E-01	1.049E-01	4.182E-01	0.692	3.768E-02
9bk5A	AF-Q9UYI5-F1-model_v6	5.530E-01	4.001E-01	4.042E-01	4.671E-01	0.663	3.117E-01
9bk5A	AF-Q7N7B6-F1-model_v6	4.911E-01	4.685E-01	1.447E-01	4.841E-01	0.663	2.413E-01
9bk5A	AF-Q66DZ7-F1-model_v6	4.143E-01	4.021E-01	1.409E-01	4.478E-01	0.663	8.662E-02
9bk5A	AF-Q87Y22-F1-model_v6	4.454E-01	4.281E-01	1.477E-01	4.512E-01	0.663	1.272E-01
9bk5A	AF-A3CKU4-F1-model_v6	4.548E-01	4.390E-01	1.464E-01	4.654E-01	0.663	1.541E-01
9bk5A	AF-B0KTK6-F1-model_v6	4.067E-01	3.964E-01	1.391E-01	4.669E-01	0.663	9.846E-02
9bk5A	AF-Q92A40-F1-model_v6	4.558E-01	4.414E-01	1.463E-01	4.633E-01	0.663	1.541E-01
9bk5A	AF-A6WRW5-F1-model_v6	4.492E-01	4.278E-01	1.380E-01	4.429E-01	0.663	1.272E-01
9bk5A	AF-Q12Q05-F1-model_v6	4.231E-01	4.079E-01	1.387E-01	4.383E-01	0.663	9.235E-02
9bk5A	AF-A3QGY9-F1-model_v6	4.539E-01	4.333E-01	1.424E-01	4.493E-01	0.663	1.356E-01
9bk5A	AF-B0R4P0-F1-model_v6	4.507E-01	4.441E-01	1.353E-01	4.761E-01	0.663	1.541E-01
9bk5A	AF-Q92QM8-F1-model_v6	4.314E-01	4.135E-01	1.188E-01	4.510E-01	0.663	1.193E-01
9bk5A	AF-Q9UBT6-8-F1-model_v6	4.470E-01	4.427E-01	7.791E-02	4.882E-01	0.663	1.643E-01
9bk5A	AF-Q6MA55-F1-model_v6	4.332E-01	4.159E-01	1.374E-01	4.636E-01	0.632	1.446E-01
9bk5A	AF-Q1I6D5-F1-model_v6	4.610E-01	4.427E-01	1.401E-01	4.668E-01	0.632	1.868E-01
9bk5A	AF-Q5ZY20-F1-model_v6	4.686E-01	4.465E-01	1.397E-01	4.764E-01	0.632	2.123E-01
9bk5A	AF-Q0HLP0-F1-model_v6	4.437E-01	4.256E-01	1.423E-01	4.387E-01	0.632	1.272E-01
9bk5A	AF-C3LQ59-F1-model_v6	4.393E-01	4.230E-01	1.381E-01	4.635E-01	0.632	1.446E-01
9bk5A	AF-Q9KPS5-F1-model_v6	4.407E-01	4.237E-01	1.372E-01	4.697E-01	0.632	1.752E-01
9bk5A	AF-B1KD33-F1-model_v6	4.438E-01	4.236E-01	1.385E-01	4.511E-01	0.632	1.541E-01
9bk5A	AF-A8MGJ5-F1-model_v6	4.643E-01	4.508E-01	1.404E-01	4.814E-01	0.632	2.263E-01
9bk5A	AF-O74944-F1-model_v6	4.644E-01	4.499E-01	1.024E-01	4.885E-01	0.632	2.413E-01
9bk5A	AF-P40831-F1-model_v6	5.097E-01	4.852E-01	9.572E-02	4.839E-01	0.632	3.117E-01
9bk5A	AF-P27475-F1-model_v6	5.275E-01	5.103E-01	1.755E-01	4.654E-01	0.601	3.543E-01
9bk5A	AF-Q1C4D9-F1-model_v6	4.150E-01	4.031E-01	1.422E-01	4.468E-01	0.601	1.193E-01
9bk5A	AF-Q1CLD4-F1-model_v6	4.108E-01	3.991E-01	1.413E-01	4.417E-01	0.601	1.050E-01
9bk5A	AF-Q8ZBZ9-F1-model_v6	4.157E-01	4.037E-01	1.422E-01	4.469E-01	0.601	1.193E-01
9bk5A	AF-A5VZT3-F1-model_v6	4.085E-01	3.980E-01	1.392E-01	4.652E-01	0.601	1.272E-01
9bk5A	AF-A0AK80-F1-model_v6	4.420E-01	4.289E-01	1.450E-01	4.548E-01	0.601	1.643E-01
9bk5A	AF-A1WY69-F1-model_v6	4.908E-01	4.715E-01	1.539E-01	4.858E-01	0.601	3.323E-01
9bk5A	AF-B8DBV7-F1-model_v6	4.005E-01	3.908E-01	1.420E-01	4.439E-01	0.601	1.050E-01
9bk5A	AF-A9L0T3-F1-model_v6	4.493E-01	4.279E-01	1.380E-01	4.435E-01	0.601	1.643E-01
9bk5A	AF-Q8E3I8-F1-model_v6	3.531E-01	3.449E-01	1.297E-01	4.204E-01	0.601	4.868E-02
9bk5A	AF-Q9K9A8-F1-model_v6	4.609E-01	4.300E-01	1.291E-01	4.471E-01	0.601	1.752E-01
9bk5A	AF-Q8EQ56-F1-model_v6	3.405E-01	3.324E-01	1.174E-01	4.223E-01	0.601	4.018E-02
9bk5A	AF-P63988-F1-model_v6	3.829E-01	3.720E-01	1.426E-01	4.175E-01	0.569	8.125E-02
9bk5A	AF-Q48FB2-F1-model_v6	4.450E-01	4.275E-01	1.477E-01	4.520E-01	0.569	1.991E-01
9bk5A	AF-Q8EHU9-F1-model_v6	4.481E-01	4.290E-01	1.415E-01	4.530E-01	0.569	2.123E-01
9bk5A	AF-A5F5Y1-F1-model_v6	4.117E-01	3.955E-01	1.315E-01	4.732E-01	0.569	1.643E-01
9bk5A	AF-B1ZN03-F1-model_v6	4.110E-01	4.023E-01	1.316E-01	4.503E-01	0.569	1.446E-01
9bk5A	AF-B8FBE8-F1-model_v6	4.169E-01	3.918E-01	1.262E-01	4.300E-01	0.569	1.272E-01
9bk5A	AF-A3DH61-F1-model_v6	4.061E-01	3.938E-01	1.272E-01	5.118E-01	0.569	2.263E-01
9bk5A	AF-Q6JDV7-3-F1-model_v6	4.051E-01	3.976E-01	8.525E-02	4.863E-01	0.569	1.752E-01
9bk5A	AF-B6YWY1-F1-model_v6	5.858E-01	4.252E-01	4.296E-01	5.191E-01	0.537	9.257E-01
9bk5A	AF-A4TPK8-F1-model_v6	4.110E-01	3.993E-01	1.413E-01	4.408E-01	0.537	1.446E-01
9bk5A	AF-A4W6W8-F1-model_v6	4.501E-01	4.279E-01	1.363E-01	4.549E-01	0.537	2.572E-01
9bk5A	AF-Q8DBI7-F1-model_v6	4.204E-01	4.049E-01	1.341E-01	4.568E-01	0.537	1.991E-01
9bk5A	AF-Q5WYY8-F1-model_v6	4.056E-01	3.535E-01	1.211E-01	4.088E-01	0.537	9.846E-02
9bk5A	AF-B9DMT3-F1-model_v6	3.769E-01	3.652E-01	1.340E-01	4.563E-01	0.537	1.272E-01
9bk5A	AF-Q5HN39-F1-model_v6	3.726E-01	3.608E-01	1.334E-01	4.535E-01	0.537	1.193E-01
9bk5A	AF-Q0HY21-F1-model_v6	4.463E-01	4.255E-01	1.403E-01	4.544E-01	0.537	2.413E-01
9bk5A	AF-Q8DVR7-F1-model_v6	3.312E-01	3.246E-01	1.287E-01	4.281E-01	0.537	5.533E-02
9bk5A	AF-Q9KCU7-F1-model_v6	3.738E-01	3.620E-01	1.200E-01	4.464E-01	0.537	1.119E-01
9bk5A	AF-Q5JGT3-F1-model_v6	5.737E-01	4.171E-01	4.214E-01	5.063E-01	0.505	8.683E-01
9bk5A	AF-P0C2N1-F1-model_v6	5.008E-01	4.818E-01	1.650E-01	4.410E-01	0.505	3.543E-01
9bk5A	AF-A1U339-F1-model_v6	4.493E-01	4.292E-01	1.426E-01	4.744E-01	0.505	3.323E-01
9bk5A	AF-A8AUV7-F1-model_v6	4.548E-01	4.396E-01	1.467E-01	4.649E-01	0.505	2.924E-01
9bk5A	AF-Q8CNP3-F1-model_v6	3.743E-01	3.623E-01	1.339E-01	4.545E-01	0.505	1.446E-01
9bk5A	AF-Q4UQI2-F1-model_v6	4.424E-01	4.248E-01	1.439E-01	4.553E-01	0.505	2.572E-01
9bk5A	AF-Q8PGJ4-F1-model_v6	4.278E-01	4.111E-01	1.423E-01	4.470E-01	0.505	2.263E-01
9bk5A	AF-Q3BP42-F1-model_v6	4.367E-01	4.195E-01	1.429E-01	4.537E-01	0.505	2.413E-01
9bk5A	AF-B5ZBT4-F1-model_v6	4.218E-01	4.116E-01	1.427E-01	4.456E-01	0.505	1.991E-01
9bk5A	AF-Q49426-F1-model_v6	3.685E-01	3.577E-01	1.236E-01	4.531E-01	0.505	1.272E-01
9bk5A	AF-Q9UNA4-F1-model_v6	3.982E-01	3.656E-01	6.981E-02	3.860E-01	0.505	9.235E-02
9bk5A	AF-Q8TIN5-F1-model_v6	5.509E-01	3.946E-01	4.739E-01	4.726E-01	0.473	7.165E-01
9bk5A	AF-B0TZS5-F1-model_v6	4.427E-01	4.283E-01	1.468E-01	4.987E-01	0.473	4.293E-01
9bk5A	AF-A7FLI9-F1-model_v6	4.099E-01	3.982E-01	1.414E-01	4.405E-01	0.473	1.868E-01
9bk5A	AF-Q92XH8-F1-model_v6	3.361E-01	3.234E-01	1.301E-01	3.977E-01	0.473	5.533E-02
9bk5A	AF-Q87MB4-F1-model_v6	4.447E-01	4.280E-01	1.395E-01	4.651E-01	0.473	3.323E-01
9bk5A	AF-Q6G838-F1-model_v6	3.436E-01	3.316E-01	1.242E-01	4.281E-01	0.473	9.235E-02
9bk5A	AF-Q8Y5T0-F1-model_v6	3.875E-01	3.761E-01	1.401E-01	4.384E-01	0.473	1.643E-01
9bk5A	AF-Q15YP8-F1-model_v6	4.350E-01	4.186E-01	1.390E-01	4.744E-01	0.473	3.323E-01
9bk5A	AF-Q8PCW8-F1-model_v6	4.418E-01	4.243E-01	1.439E-01	4.563E-01	0.473	3.117E-01
9bk5A	AF-Q2P7M9-F1-model_v6	4.373E-01	4.201E-01	1.430E-01	4.528E-01	0.473	2.924E-01
9bk5A	AF-Q3JZG9-F1-model_v6	3.535E-01	3.442E-01	1.299E-01	4.201E-01	0.473	8.662E-02
9bk5A	AF-Q8PT42-F1-model_v6	4.651E-01	4.454E-01	1.420E-01	4.371E-01	0.473	3.117E-01
9bk5A	AF-Q9A5I1-F1-model_v6	4.118E-01	3.977E-01	1.238E-01	4.309E-01	0.473	1.752E-01
9bk5A	AF-P34409-F1-model_v6	3.403E-01	3.293E-01	8.349E-02	4.254E-01	0.473	8.662E-02
9bk5A	AF-Q7NIG8-F1-model_v6	4.926E-01	4.527E-01	9.178E-02	4.468E-01	0.473	4.293E-01
9bk5A	AF-P63991-F1-model_v6	3.432E-01	3.312E-01	1.241E-01	4.277E-01	0.442	1.119E-01
9bk5A	AF-A3D147-F1-model_v6	4.338E-01	4.176E-01	1.418E-01	4.676E-01	0.442	3.543E-01
9bk5A	AF-A0KTR5-F1-model_v6	4.416E-01	4.229E-01	1.395E-01	4.416E-01	0.442	2.924E-01
9bk5A	AF-Q1J509-F1-model_v6	4.133E-01	3.986E-01	1.403E-01	4.689E-01	0.442	2.924E-01
9bk5A	AF-Q6AL48-F1-model_v6	4.432E-01	4.294E-01	1.420E-01	4.673E-01	0.442	4.027E-01
9bk5A	AF-P75241-F1-model_v6	3.774E-01	3.678E-01	1.191E-01	4.591E-01	0.442	1.868E-01
9bk5A	AF-Q6JDV7-F1-model_v6	4.052E-01	3.977E-01	8.456E-02	4.847E-01	0.442	3.323E-01
9bk5A	AF-O27647-F1-model_v6	4.988E-01	3.677E-01	3.677E-01	4.314E-01	0.411	4.880E-01
9bk5A	AF-A2P2R3-F1-model_v6	4.351E-01	4.266E-01	1.817E-01	4.369E-01	0.411	3.117E-01
9bk5A	AF-P47302-F1-model_v6	5.248E-01	4.631E-01	1.730E-01	4.723E-01	0.411	8.144E-01
9bk5A	AF-P44098-F1-model_v6	5.198E-01	4.837E-01	1.716E-01	4.301E-01	0.411	5.546E-01
9bk5A	AF-Q8REB0-F1-model_v6	4.536E-01	4.213E-01	1.446E-01	4.179E-01	0.411	3.117E-01
9bk5A	AF-Q6D1H8-F1-model_v6	4.189E-01	4.074E-01	1.463E-01	4.694E-01	0.411	3.543E-01
9bk5A	AF-Q5E279-F1-model_v6	4.536E-01	4.162E-01	8.507E-02	4.235E-01	0.411	3.543E-01
9bk5A	AF-C7NNA6-F1-model_v6	5.651E-01	3.961E-01	4.967E-01	4.756E-01	0.382	1.196E+00
9bk5A	AF-P9WNT0-F1-model_v6	3.830E-01	3.721E-01	1.426E-01	4.165E-01	0.382	2.123E-01
9bk5A	AF-A7X420-F1-model_v6	3.432E-01	3.312E-01	1.232E-01	4.268E-01	0.382	1.541E-01
9bk5A	AF-P63992-F1-model_v6	3.431E-01	3.330E-01	1.241E-01	4.274E-01	0.382	1.356E-01
9bk5A	AF-Q49YT9-F1-model_v6	3.732E-01	3.619E-01	1.345E-01	4.578E-01	0.382	2.572E-01
9bk5A	AF-B1YK83-F1-model_v6	3.905E-01	3.750E-01	1.315E-01	4.311E-01	0.382	2.572E-01
9bk5A	AF-Q64X95-F1-model_v6	3.298E-01	3.244E-01	1.250E-01	4.122E-01	0.382	1.119E-01
9bk5A	AF-Q18A91-F1-model_v6	4.684E-01	4.612E-01	1.529E-01	4.702E-01	0.382	5.913E-01
9bk5A	AF-Q3IUJ6-F1-model_v6	5.927E-01	4.286E-01	5.412E-01	4.783E-01	0.353	1.449E+00
9bk5A	AF-G1TTY7-F1-model_v6	4.788E-01	3.524E-01	1.906E-01	4.559E-01	0.353	7.165E-01
9bk5A	AF-P9WNT1-F1-model_v6	4.066E-01	3.953E-01	1.448E-01	4.149E-01	0.353	2.742E-01
9bk5A	AF-B2SH34-F1-model_v6	4.701E-01	4.483E-01	1.501E-01	5.035E-01	0.353	9.257E-01
9bk5A	AF-Q2A3L2-F1-model_v6	4.712E-01	4.488E-01	1.502E-01	5.029E-01	0.353	8.683E-01
9bk5A	AF-A7NC07-F1-model_v6	4.465E-01	4.330E-01	1.497E-01	5.180E-01	0.353	8.683E-01
9bk5A	AF-A5IU61-F1-model_v6	3.089E-01	3.024E-01	1.230E-01	4.250E-01	0.353	1.050E-01
9bk5A	AF-Q1JF59-F1-model_v6	3.443E-01	3.378E-01	1.338E-01	4.232E-01	0.353	1.752E-01
9bk5A	AF-Q5XA48-F1-model_v6	3.413E-01	3.347E-01	1.333E-01	4.193E-01	0.353	1.541E-01
9bk5A	AF-Q3ABL2-F1-model_v6	3.992E-01	3.925E-01	1.318E-01	4.312E-01	0.353	2.924E-01
9bk5A	AF-Q8CX33-F1-model_v6	4.803E-01	4.362E-01	8.707E-02	4.397E-01	0.353	6.304E-01
9bk5A	AF-Q56Y74-F1-model_v6	4.388E-01	3.184E-01	4.764E-02	3.812E-01	0.353	2.924E-01
9bk5A	AF-Q6R3M4-2-F1-model_v6	3.789E-01	3.492E-01	7.535E-02	3.726E-01	0.353	1.356E-01
9bk5A	AF-Q6M157-F1-model_v6	5.554E-01	3.961E-01	4.045E-01	4.595E-01	0.326	1.275E+00
9bk5A	AF-P0CT69-F1-model_v6	5.526E-01	4.059E-01	2.143E-01	4.792E-01	0.326	1.359E+00
9bk5A	AF-Q47147-F1-model_v6	5.226E-01	4.919E-01	2.005E-01	4.286E-01	0.326	8.144E-01
9bk5A	AF-A0Q6K9-F1-model_v6	4.700E-01	4.489E-01	1.483E-01	4.867E-01	0.326	9.257E-01
9bk5A	AF-Q1JK63-F1-model_v6	3.417E-01	3.352E-01	1.334E-01	4.199E-01	0.326	1.752E-01
9bk5A	AF-P0DA79-F1-model_v6	3.268E-01	3.192E-01	1.290E-01	4.114E-01	0.326	1.541E-01
9bk5A	AF-P0DA78-F1-model_v6	3.270E-01	3.194E-01	1.290E-01	4.118E-01	0.326	1.446E-01
9bk5A	AF-Q57628-F1-model_v6	6.183E-01	4.871E-01	1.122E-01	4.546E-01	0.326	1.647E+00
9bk5A	AF-Q6HPL2-F1-model_v6	4.745E-01	4.266E-01	8.745E-02	4.288E-01	0.326	6.304E-01
9bk5A	AF-O68280-F1-model_v6	4.889E-01	4.454E-01	8.820E-02	4.437E-01	0.326	8.144E-01
9bk5A	AF-Q04049-F1-model_v6	4.278E-01	4.211E-01	9.036E-02	4.400E-01	0.326	4.880E-01
9bk5A	AF-Q6R3M4-F1-model_v6	3.889E-01	3.605E-01	7.364E-02	3.799E-01	0.326	1.991E-01
9bk5A	AF-C5A7H1-F1-model_v6	5.489E-01	4.015E-01	4.053E-01	4.864E-01	0.301	1.545E+00
9bk5A	AF-P62717-F1-model_v6	4.798E-01	3.530E-01	1.896E-01	4.559E-01	0.301	8.683E-01
9bk5A	AF-Q7ZWJ4-F1-model_v6	4.774E-01	3.519E-01	1.892E-01	4.547E-01	0.301	8.683E-01
9bk5A	AF-Q02543-F1-model_v6	4.826E-01	3.546E-01	1.901E-01	4.543E-01	0.301	9.257E-01
9bk5A	AF-Q3T003-F1-model_v6	4.829E-01	3.547E-01	1.901E-01	4.537E-01	0.301	9.257E-01
9bk5A	AF-Q8WQI7-F1-model_v6	4.781E-01	3.525E-01	1.885E-01	4.562E-01	0.301	8.683E-01
9bk5A	AF-Q8L7K0-F1-model_v6	4.889E-01	3.383E-01	1.784E-01	4.518E-01	0.301	9.869E-01
9bk5A	AF-P21636-F1-model_v6	5.875E-01	5.179E-01	1.948E-01	4.490E-01	0.301	1.647E+00
9bk5A	AF-Q0BM23-F1-model_v6	4.699E-01	4.486E-01	1.503E-01	5.021E-01	0.301	1.196E+00
9bk5A	AF-Q5F8N2-F1-model_v6	4.433E-01	4.257E-01	1.397E-01	4.508E-01	0.301	6.721E-01
9bk5A	AF-Q6GFG2-F1-model_v6	3.439E-01	3.337E-01	1.242E-01	4.292E-01	0.301	2.572E-01
9bk5A	AF-A6QIC3-F1-model_v6	3.086E-01	3.021E-01	1.229E-01	4.247E-01	0.301	1.541E-01
9bk5A	AF-A2RCQ1-F1-model_v6	3.439E-01	3.374E-01	1.338E-01	4.234E-01	0.301	2.263E-01
9bk5A	AF-P54545-F1-model_v6	3.665E-01	3.606E-01	1.216E-01	4.480E-01	0.301	3.543E-01
9bk5A	AF-P15261-F1-model_v6	7.477E-01	2.932E-01	5.128E-02	3.722E-01	0.301	1.756E+00
9bk5A	AF-Q81VN5-F1-model_v6	4.600E-01	4.132E-01	8.541E-02	4.245E-01	0.301	6.304E-01
9bk5A	AF-P64227-F1-model_v6	4.286E-01	3.896E-01	8.453E-02	4.264E-01	0.301	5.546E-01
9bk5A	AF-Q90YU9-F1-model_v6	4.787E-01	3.524E-01	1.894E-01	4.555E-01	0.277	9.869E-01
9bk5A	AF-A1KUQ3-F1-model_v6	4.372E-01	4.176E-01	1.384E-01	4.421E-01	0.277	7.639E-01
9bk5A	AF-A6U2Z9-F1-model_v6	3.403E-01	3.316E-01	1.254E-01	4.299E-01	0.277	2.572E-01
9bk5A	AF-Q4L7K8-F1-model_v6	3.155E-01	3.084E-01	1.226E-01	4.143E-01	0.277	1.752E-01
9bk5A	AF-A1RMZ5-F1-model_v6	3.824E-01	3.659E-01	1.305E-01	4.212E-01	0.277	4.027E-01
9bk5A	AF-Q1JA16-F1-model_v6	3.386E-01	3.345E-01	1.334E-01	4.196E-01	0.277	2.413E-01
9bk5A	AF-Q48RJ4-F1-model_v6	3.404E-01	3.332E-01	1.312E-01	4.321E-01	0.277	2.924E-01
9bk5A	AF-Q99Y66-F1-model_v6	3.452E-01	3.175E-01	1.207E-01	4.019E-01	0.277	2.413E-01
9bk5A	AF-Q8NZI1-F1-model_v6	3.815E-01	3.558E-01	1.277E-01	3.834E-01	0.277	2.742E-01
9bk5A	AF-Q04433-F1-model_v6	5.723E-01	2.768E-01	4.841E-02	3.585E-01	0.277	8.144E-01
9bk5A	AF-Q73F49-F1-model_v6	4.756E-01	4.273E-01	8.753E-02	4.322E-01	0.277	9.257E-01
9bk5A	AF-O19908-F1-model_v6	4.647E-01	4.389E-01	9.201E-02	4.429E-01	0.277	8.683E-01
9bk5A	AF-Q4KMC4-F1-model_v6	3.998E-01	3.822E-01	7.287E-02	4.055E-01	0.277	4.027E-01
9bk5A	AF-A6UT94-F1-model_v6	6.137E-01	4.229E-01	4.464E-01	4.819E-01	0.254	2.749E+00
9bk5A	AF-Q8TUY6-F1-model_v6	4.629E-01	3.238E-01	3.178E-01	4.176E-01	0.254	8.144E-01
9bk5A	AF-P0CT68-F1-model_v6	5.046E-01	3.757E-01	1.991E-01	4.693E-01	0.254	1.545E+00
9bk5A	AF-P75046-F1-model_v6	5.012E-01	4.260E-01	1.548E-01	4.506E-01	0.254	1.359E+00
9bk5A	AF-A4VZ21-F1-model_v6	3.441E-01	3.168E-01	1.203E-01	3.860E-01	0.254	2.263E-01
9bk5A	AF-Q5HEM7-F1-model_v6	3.211E-01	3.108E-01	1.188E-01	4.096E-01	0.254	2.413E-01
9bk5A	AF-B4SIF5-F1-model_v6	3.371E-01	3.258E-01	1.295E-01	4.129E-01	0.254	2.924E-01
9bk5A	AF-P58964-F1-model_v6	3.108E-01	3.037E-01	1.231E-01	4.250E-01	0.254	2.123E-01
9bk5A	AF-P58965-F1-model_v6	4.043E-01	3.900E-01	1.289E-01	4.684E-01	0.254	8.144E-01
9bk5A	AF-P65831-F1-model_v6	4.459E-01	4.166E-01	1.025E-01	4.208E-01	0.254	8.144E-01
9bk5A	AF-Q5HE49-F1-model_v6	4.282E-01	3.897E-01	8.449E-02	4.271E-01	0.254	7.165E-01
9bk5A	AF-Q56213-F1-model_v6	4.264E-01	3.890E-01	8.413E-02	4.318E-01	0.254	7.639E-01
9bk5A	AF-A0A1D8PLC9-F1-model_v6	5.066E-01	3.779E-01	2.053E-01	4.744E-01	0.233	1.756E+00
9bk5A	AF-P62718-F1-model_v6	4.792E-01	3.525E-01	1.894E-01	4.543E-01	0.233	1.359E+00
9bk5A	AF-P41093-F1-model_v6	4.709E-01	3.296E-01	1.751E-01	4.416E-01	0.233	1.122E+00
9bk5A	AF-O44480-F1-model_v6	4.811E-01	3.338E-01	1.749E-01	4.503E-01	0.233	1.275E+00
9bk5A	AF-C8ZET7-F1-model_v6	3.966E-01	3.814E-01	1.466E-01	4.011E-01	0.233	4.880E-01
9bk5A	AF-Q7MID6-F1-model_v6	3.478E-01	3.239E-01	1.205E-01	3.839E-01	0.233	2.924E-01
9bk5A	AF-Q9PH05-F1-model_v6	4.344E-01	3.950E-01	8.396E-02	4.371E-01	0.233	8.683E-01
9bk5A	AF-Q87F28-F1-model_v6	4.358E-01	3.960E-01	8.409E-02	4.372E-01	0.233	9.869E-01
9bk5A	AF-Q9K1P9-F1-model_v6	5.185E-01	4.755E-01	9.191E-02	4.561E-01	0.233	1.756E+00
9bk5A	AF-Q9QUG2-2-F1-model_v6	3.412E-01	3.330E-01	6.847E-02	4.062E-01	0.233	3.117E-01
9bk5A	AF-A4G0D0-F1-model_v6	6.259E-01	4.443E-01	4.538E-01	4.560E-01	0.214	3.124E+00
9bk5A	AF-A6UR53-F1-model_v6	6.189E-01	4.414E-01	4.506E-01	4.729E-01	0.214	3.331E+00
9bk5A	AF-P0CX24-F1-model_v6	4.874E-01	3.576E-01	1.948E-01	4.599E-01	0.214	1.647E+00
9bk5A	AF-Q22004-F1-model_v6	4.204E-01	4.089E-01	2.016E-01	4.249E-01	0.214	9.257E-01
9bk5A	AF-P41205-F1-model_v6	4.374E-01	3.859E-01	1.407E-01	4.250E-01	0.214	9.869E-01
9bk5A	AF-Q6BWZ7-F1-model_v6	5.125E-01	3.184E-01	9.718E-02	4.035E-01	0.214	1.449E+00
9bk5A	AF-P16176-F1-model_v6	3.932E-01	3.589E-01	9.721E-02	3.875E-01	0.214	4.880E-01
9bk5A	AF-Q5XBV6-F1-model_v6	4.879E-01	4.452E-01	9.045E-02	4.290E-01	0.214	1.359E+00
9bk5A	AF-Q73S23-F1-model_v6	4.850E-01	4.521E-01	9.015E-02	4.279E-01	0.214	1.449E+00
9bk5A	AF-O68956-F1-model_v6	4.435E-01	4.230E-01	8.816E-02	4.021E-01	0.214	9.257E-01
9bk5A	AF-B9LUU5-F1-model_v6	5.025E-01	3.659E-01	4.540E-01	4.025E-01	0.196	1.449E+00
9bk5A	AF-Q9USH0-F1-model_v6	5.535E-01	2.535E-01	7.729E-02	3.454E-01	0.196	1.196E+00
9bk5A	AF-B2FLR2-F1-model_v6	3.369E-01	3.238E-01	1.281E-01	4.188E-01	0.196	5.202E-01
9bk5A	AF-Q98JM5-F1-model_v6	3.756E-01	3.486E-01	1.138E-01	3.852E-01	0.196	5.546E-01
9bk5A	AF-O57981-F1-model_v6	4.719E-01	4.193E-01	8.678E-02	4.314E-01	0.196	1.449E+00
9bk5A	AF-Q8D3J0-F1-model_v6	4.703E-01	4.340E-01	8.987E-02	4.447E-01	0.196	1.647E+00
9bk5A	AF-Q9JJN0-F1-model_v6	3.759E-01	3.520E-01	7.479E-02	3.768E-01	0.196	5.202E-01
9bk5A	AF-Q2G178-F1-model_v6	3.306E-01	2.610E-01	1.516E-01	4.509E-01	0.179	6.721E-01
9bk5A	AF-O57561-F1-model_v6	4.795E-01	3.528E-01	1.894E-01	4.534E-01	0.179	2.128E+00
9bk5A	AF-P51418-F1-model_v6	3.881E-01	3.252E-01	1.803E-01	3.973E-01	0.179	7.165E-01
9bk5A	AF-Q943F3-F1-model_v6	3.853E-01	3.254E-01	1.802E-01	3.962E-01	0.179	7.639E-01
9bk5A	AF-P0DJ18-F1-model_v6	4.760E-01	3.296E-01	1.654E-01	4.452E-01	0.179	1.996E+00
9bk5A	AF-B5Y7N9-F1-model_v6	4.761E-01	4.003E-01	1.858E-01	3.963E-01	0.179	1.359E+00
9bk5A	AF-B2UKN1-F1-model_v6	3.821E-01	3.502E-01	1.248E-01	4.057E-01	0.179	7.639E-01
9bk5A	AF-P05300-F1-model_v6	7.006E-01	2.766E-01	5.631E-02	3.494E-01	0.179	2.749E+00
9bk5A	AF-Q6GI14-F1-model_v6	4.334E-01	4.030E-01	1.007E-01	4.077E-01	0.179	1.196E+00
9bk5A	AF-O66648-F1-model_v6	4.286E-01	3.849E-01	7.977E-02	3.823E-01	0.179	9.869E-01
9bk5A	AF-Q81J01-F1-model_v6	4.397E-01	4.024E-01	8.591E-02	4.020E-01	0.179	1.196E+00
9bk5A	AF-Q72HF4-F1-model_v6	4.263E-01	3.890E-01	8.411E-02	4.316E-01	0.179	1.359E+00
9bk5A	AF-Q9PLA4-F1-model_v6	5.083E-01	4.699E-01	9.150E-02	4.579E-01	0.179	2.578E+00
9bk5A	AF-Q8PGH9-F1-model_v6	4.815E-01	4.311E-01	8.733E-02	4.564E-01	0.179	1.996E+00
9bk5A	AF-P57963-F1-model_v6	4.726E-01	4.281E-01	8.773E-02	4.380E-01	0.179	1.872E+00
9bk5A	AF-P72720-F1-model_v6	4.869E-01	4.356E-01	8.528E-02	4.429E-01	0.179	1.996E+00
9bk5A	AF-Q9LUD4-F1-model_v6	4.870E-01	3.375E-01	1.782E-01	4.515E-01	0.164	2.269E+00
9bk5A	AF-A9KJI8-F1-model_v6	4.181E-01	3.647E-01	1.634E-01	3.774E-01	0.164	9.257E-01
9bk5A	AF-P47403-F1-model_v6	4.407E-01	3.872E-01	1.452E-01	4.253E-01	0.164	1.647E+00
9bk5A	AF-B1AJ79-F1-model_v6	3.725E-01	3.478E-01	1.254E-01	3.806E-01	0.164	7.165E-01
9bk5A	AF-Q72MY7-F1-model_v6	3.216E-01	2.912E-01	1.123E-01	3.453E-01	0.164	2.742E-01
9bk5A	AF-Q8NX91-F1-model_v6	4.113E-01	3.795E-01	9.893E-02	3.970E-01	0.164	1.052E+00
9bk5A	AF-Q5WLG7-F1-model_v6	4.575E-01	4.047E-01	8.358E-02	4.355E-01	0.164	1.756E+00
9bk5A	AF-Q6F6U8-F1-model_v6	4.055E-01	3.650E-01	7.859E-02	3.980E-01	0.164	1.052E+00
9bk5A	AF-Q9JWN9-F1-model_v6	5.190E-01	4.759E-01	9.192E-02	4.571E-01	0.164	2.749E+00
9bk5A	AF-Q59020-F1-model_v6	3.998E-01	3.261E-01	4.842E-02	3.783E-01	0.164	8.683E-01
9bk5A	AF-P23470-F1-model_v6	6.934E-01	2.488E-01	1.578E-02	3.369E-01	0.164	2.931E+00
9bk5A	AF-Q74NK1-F1-model_v6	4.970E-01	3.368E-01	3.368E-01	4.299E-01	0.150	2.418E+00
9bk5A	AF-Q9ZVJ2-F1-model_v6	4.337E-01	3.489E-01	1.688E-01	3.968E-01	0.150	1.359E+00
9bk5A	AF-Q2SU33-F1-model_v6	4.372E-01	3.830E-01	1.447E-01	4.158E-01	0.150	1.756E+00
9bk5A	AF-Q9PQ53-F1-model_v6	3.748E-01	3.481E-01	1.254E-01	3.798E-01	0.150	8.144E-01
9bk5A	AF-Q05204-F1-model_v6	5.948E-01	2.574E-01	5.554E-02	3.323E-01	0.150	2.269E+00
9bk5A	AF-P11279-F1-model_v6	6.211E-01	2.585E-01	5.317E-02	3.486E-01	0.150	2.749E+00
9bk5A	AF-Q58510-F1-model_v6	4.066E-01	3.284E-01	6.948E-02	3.842E-01	0.150	1.122E+00
9bk5A	AF-Q9V249-F1-model_v6	4.743E-01	4.187E-01	8.599E-02	4.357E-01	0.150	2.418E+00
9bk5A	AF-O84823-F1-model_v6	5.291E-01	4.689E-01	9.080E-02	4.532E-01	0.150	3.331E+00
9bk5A	AF-Q5L589-F1-model_v6	4.303E-01	3.799E-01	8.219E-02	4.218E-01	0.150	1.756E+00
9bk5A	AF-Q7W334-F1-model_v6	4.305E-01	3.928E-01	8.367E-02	4.277E-01	0.150	1.872E+00
9bk5A	AF-Q08DQ2-F1-model_v6	4.128E-01	3.754E-01	7.097E-02	4.165E-01	0.150	1.359E+00
9bk5A	AF-Q8U0G6-F1-model_v6	2.793E-01	2.715E-01	1.707E-01	3.505E-01	0.138	2.572E-01
9bk5A	AF-Q9UEE9-2-F1-model_v6	5.341E-01	3.274E-01	1.457E-01	4.064E-01	0.138	2.931E+00
9bk5A	AF-A3DJH8-F1-model_v6	3.930E-01	3.422E-01	1.444E-01	3.789E-01	0.138	1.052E+00
9bk5A	AF-Q10098-F1-model_v6	4.648E-01	3.301E-01	1.473E-01	3.883E-01	0.138	1.872E+00
9bk5A	AF-Q110B3-F1-model_v6	4.410E-01	3.862E-01	1.577E-01	4.164E-01	0.138	1.872E+00
9bk5A	AF-P57785-F1-model_v6	3.023E-01	2.926E-01	9.454E-02	3.286E-01	0.138	2.742E-01
9bk5A	AF-P14562-F1-model_v6	6.193E-01	2.757E-01	5.881E-02	3.529E-01	0.138	3.124E+00
9bk5A	AF-Q97SQ9-F1-model_v6	4.310E-01	3.898E-01	8.455E-02	4.051E-01	0.138	1.647E+00
9bk5A	AF-Q8YC47-F1-model_v6	4.548E-01	4.130E-01	8.720E-02	4.196E-01	0.138	2.269E+00
9bk5A	AF-Q821Z7-F1-model_v6	4.153E-01	3.718E-01	8.185E-02	4.111E-01	0.138	1.647E+00
9bk5A	AF-Q74GH6-F1-model_v6	4.758E-01	4.273E-01	8.760E-02	4.474E-01	0.138	2.749E+00
9bk5A	AF-P9WN49-F1-model_v6	4.947E-01	4.569E-01	9.123E-02	4.547E-01	0.138	3.331E+00
9bk5A	AF-P0A589-F1-model_v6	4.948E-01	4.569E-01	9.120E-02	4.542E-01	0.138	3.331E+00
9bk5A	AF-Q8DJI6-F1-model_v6	4.836E-01	4.397E-01	8.801E-02	4.393E-01	0.138	2.931E+00
9bk5A	AF-V9M2S5-F1-model_v6	4.187E-01	2.520E-01	1.868E-02	2.859E-01	0.138	5.546E-01
9bk5A	AF-A6VI47-F1-model_v6	5.390E-01	3.555E-01	3.631E-01	4.176E-01	0.126	4.036E+00
9bk5A	AF-Q9TJQ7-F1-model_v6	5.483E-01	2.927E-01	1.830E-01	2.864E-01	0.126	1.449E+00
9bk5A	AF-B4TWC4-F1-model_v6	5.712E-01	2.551E-01	1.513E-01	3.120E-01	0.126	2.128E+00
9bk5A	AF-A3DMS1-F1-model_v6	3.144E-01	3.077E-01	1.558E-01	3.655E-01	0.126	5.546E-01
9bk5A	AF-Q5Z236-F1-model_v6	4.711E-01	2.748E-01	1.025E-01	3.036E-01	0.126	1.122E+00
9bk5A	AF-Q0ANQ6-F1-model_v6	4.044E-01	3.555E-01	1.507E-01	3.636E-01	0.126	1.359E+00
9bk5A	AF-Q9JRG1-F1-model_v6	3.192E-01	3.094E-01	1.267E-01	4.063E-01	0.126	8.144E-01
9bk5A	AF-P45793-F1-model_v6	4.581E-01	3.006E-01	7.731E-02	3.631E-01	0.126	1.872E+00
9bk5A	AF-Q55038-F1-model_v6	3.814E-01	3.527E-01	9.421E-02	3.940E-01	0.126	1.359E+00
9bk5A	AF-P99164-F1-model_v6	4.093E-01	3.778E-01	9.874E-02	3.985E-01	0.126	1.756E+00
9bk5A	AF-Q9FI25-F1-model_v6	3.255E-01	2.950E-01	6.325E-02	3.594E-01	0.126	5.913E-01
9bk5A	AF-Q5NRH4-F1-model_v6	4.738E-01	4.393E-01	8.881E-02	4.131E-01	0.126	2.578E+00
9bk5A	AF-P08633-F1-model_v6	4.160E-01	3.789E-01	8.305E-02	4.017E-01	0.126	1.756E+00
9bk5A	AF-Q8R841-F1-model_v6	3.986E-01	3.619E-01	8.061E-02	4.099E-01	0.126	1.756E+00
9bk5A	AF-Q9Z6U0-F1-model_v6	4.803E-01	4.334E-01	8.711E-02	3.983E-01	0.126	2.418E+00
9bk5A	AF-Q7VRZ3-F1-model_v6	4.305E-01	3.928E-01	8.365E-02	4.265E-01	0.126	2.418E+00
9bk5A	AF-Q7WE36-F1-model_v6	4.307E-01	3.913E-01	8.368E-02	4.259E-01	0.126	2.269E+00
9bk5A	AF-Q5F584-F1-model_v6	4.155E-01	3.776E-01	8.054E-02	3.958E-01	0.126	1.647E+00
9bk5A	AF-O86781-F1-model_v6	4.800E-01	4.368E-01	8.833E-02	4.396E-01	0.126	3.331E+00
9bk5A	AF-P9WN48-F1-model_v6	4.939E-01	4.561E-01	9.118E-02	4.542E-01	0.126	4.036E+00
9bk5A	AF-P09804-F1-model_v6	3.729E-01	3.456E-01	5.345E-02	3.795E-01	0.126	1.122E+00
9bk5A	AF-P75133-F1-model_v6	5.707E-01	2.970E-01	1.993E-01	2.999E-01	0.116	2.418E+00
9bk5A	AF-E0TU95-F1-model_v6	3.151E-01	2.593E-01	1.543E-01	4.118E-01	0.116	9.869E-01
9bk5A	AF-Q09250-F1-model_v6	4.520E-01	4.012E-01	2.404E-01	3.847E-01	0.116	2.418E+00
9bk5A	AF-Q54MK8-F1-model_v6	4.907E-01	3.529E-01	1.910E-01	4.609E-01	0.116	4.588E+00
9bk5A	AF-P0CX23-F1-model_v6	4.830E-01	3.531E-01	1.927E-01	4.481E-01	0.116	3.786E+00
9bk5A	AF-Q9P6M2-F1-model_v6	3.883E-01	3.169E-01	1.690E-01	3.643E-01	0.116	1.275E+00
9bk5A	AF-Q9FKD6-F1-model_v6	6.379E-01	2.495E-01	7.980E-02	3.416E-01	0.116	4.036E+00
9bk5A	AF-C5DL84-F1-model_v6	6.187E-01	2.393E-01	4.744E-02	3.547E-01	0.116	4.036E+00
9bk5A	AF-P77935-F1-model_v6	4.495E-01	4.182E-01	9.966E-02	4.184E-01	0.116	2.931E+00
9bk5A	AF-P9WHQ7-F1-model_v6	4.738E-01	4.408E-01	1.010E-01	4.348E-01	0.116	3.786E+00
9bk5A	AF-F9VPA4-F1-model_v6	4.396E-01	4.051E-01	8.847E-02	4.033E-01	0.116	2.418E+00
9bk5A	AF-Q9KG45-F1-model_v6	4.499E-01	4.045E-01	8.476E-02	4.224E-01	0.116	3.124E+00
9bk5A	AF-Q8CRL1-F1-model_v6	4.237E-01	3.877E-01	8.464E-02	4.297E-01	0.116	2.578E+00
9bk5A	AF-Q5JH71-F1-model_v6	4.155E-01	3.774E-01	8.451E-02	3.903E-01	0.116	1.996E+00
9bk5A	AF-Q8DZZ7-F1-model_v6	4.454E-01	4.052E-01	8.071E-02	4.170E-01	0.116	2.749E+00
9bk5A	AF-Q72V57-F1-model_v6	4.213E-01	3.816E-01	8.212E-02	4.145E-01	0.116	2.418E+00
9bk5A	AF-A6ZME2-F1-model_v6	3.626E-01	3.504E-01	7.025E-02	3.613E-01	0.116	1.122E+00
9bk5A	AF-A9A8N2-F1-model_v6	5.485E-01	3.131E-01	3.194E-01	3.551E-01	0.106	3.786E+00
9bk5A	AF-A5G0G7-F1-model_v6	5.065E-01	2.783E-01	1.812E-01	3.172E-01	0.106	2.128E+00
9bk5A	AF-Q50355-F1-model_v6	6.567E-01	2.494E-01	1.583E-01	3.586E-01	0.106	5.927E+00
9bk5A	AF-B4T6Y5-F1-model_v6	5.666E-01	2.544E-01	1.511E-01	3.127E-01	0.106	2.931E+00
9bk5A	AF-B5BGI2-F1-model_v6	4.944E-01	2.837E-01	1.709E-01	3.308E-01	0.106	2.269E+00
9bk5A	AF-Q9ATF5-F1-model_v6	3.875E-01	3.228E-01	1.801E-01	3.981E-01	0.106	1.996E+00
9bk5A	AF-Q0P3L7-F1-model_v6	4.368E-01	3.861E-01	1.758E-01	4.158E-01	0.106	2.931E+00
9bk5A	AF-P23401-F1-model_v6	4.388E-01	3.883E-01	1.710E-01	4.210E-01	0.106	3.124E+00
9bk5A	AF-Q7ZVG6-F1-model_v6	4.762E-01	3.583E-01	1.325E-01	3.720E-01	0.106	2.749E+00
9bk5A	AF-Q5RBQ5-2-F1-model_v6	5.333E-01	2.980E-01	8.799E-02	2.914E-01	0.106	1.996E+00
9bk5A	AF-Q9H3M7-2-F1-model_v6	6.168E-01	2.463E-01	6.061E-02	3.610E-01	0.106	4.891E+00
9bk5A	AF-P49129-F1-model_v6	7.058E-01	2.738E-01	5.689E-02	3.453E-01	0.106	5.927E+00
9bk5A	AF-Q53H76-F1-model_v6	5.698E-01	2.989E-01	5.537E-02	3.042E-01	0.106	2.931E+00
9bk5A	AF-Q15054-F1-model_v6	2.631E-01	2.442E-01	8.331E-02	3.467E-01	0.106	3.777E-01
9bk5A	AF-Q8CT30-F1-model_v6	4.185E-01	3.694E-01	9.272E-02	4.054E-01	0.106	2.578E+00
9bk5A	AF-Q86A85-F1-model_v6	3.967E-01	3.695E-01	9.247E-02	3.887E-01	0.106	1.996E+00
9bk5A	AF-Q50028-F1-model_v6	4.728E-01	4.400E-01	9.630E-02	4.350E-01	0.106	4.036E+00
9bk5A	AF-P52418-F1-model_v6	4.709E-01	4.484E-01	9.742E-02	4.572E-01	0.106	4.588E+00
9bk5A	AF-Q8CY30-F1-model_v6	4.525E-01	4.168E-01	8.926E-02	4.229E-01	0.106	3.331E+00
9bk5A	AF-Q890U2-F1-model_v6	4.271E-01	3.876E-01	8.120E-02	4.054E-01	0.106	2.931E+00
9bk5A	AF-Q97MN6-F1-model_v6	4.381E-01	3.506E-01	7.152E-02	3.917E-01	0.106	2.749E+00
9bk5A	AF-Q8XHZ7-F1-model_v6	4.851E-01	4.388E-01	8.998E-02	4.651E-01	0.106	4.891E+00
9bk5A	AF-O67037-F1-model_v6	3.445E-01	2.444E-01	2.666E-02	3.213E-01	0.106	7.639E-01
9bk5A	AF-V9M398-F1-model_v6	3.808E-01	2.455E-01	2.033E-02	2.748E-01	0.106	5.913E-01
9bk5A	AF-P86219-F1-model_v6	4.386E-01	3.934E-01	2.553E-01	4.167E-01	0.098	3.786E+00
9bk5A	AF-A0T0X9-F1-model_v6	4.339E-01	3.820E-01	1.709E-01	3.995E-01	0.098	3.331E+00
9bk5A	AF-Q3KLH5-F1-model_v6	4.386E-01	3.877E-01	1.680E-01	4.165E-01	0.098	3.551E+00
9bk5A	AF-Q9TUI7-F1-model_v6	5.142E-01	3.289E-01	1.319E-01	3.725E-01	0.098	3.786E+00
9bk5A	AF-Q6END5-F1-model_v6	4.001E-01	3.609E-01	1.509E-01	3.867E-01	0.098	2.418E+00
9bk5A	AF-Q5R811-F1-model_v6	5.341E-01	2.413E-01	5.356E-02	3.549E-01	0.098	4.036E+00
9bk5A	AF-Q8BG60-2-F1-model_v6	5.463E-01	2.399E-01	5.122E-02	3.555E-01	0.098	4.303E+00
9bk5A	AF-Q9X4G9-F1-model_v6	4.143E-01	2.558E-01	6.727E-02	3.318E-01	0.098	1.756E+00
9bk5A	AF-Q5E9H0-F1-model_v6	5.771E-01	3.009E-01	5.547E-02	3.064E-01	0.098	3.331E+00
9bk5A	AF-P43838-F1-model_v6	6.030E-01	2.431E-01	4.459E-02	3.496E-01	0.098	4.891E+00
9bk5A	AF-P52419-F1-model_v6	5.203E-01	4.784E-01	1.112E-01	4.426E-01	0.098	5.927E+00
9bk5A	AF-P9WHQ6-F1-model_v6	4.732E-01	4.404E-01	1.008E-01	4.319E-01	0.098	4.588E+00
9bk5A	AF-Q65P46-F1-model_v6	4.458E-01	3.987E-01	8.532E-02	4.310E-01	0.098	4.303E+00
9bk5A	AF-Q8DRA8-F1-model_v6	4.646E-01	4.206E-01	8.759E-02	4.416E-01	0.098	4.891E+00
9bk5A	AF-D4H9Y2-F1-model_v6	4.301E-01	3.144E-01	5.740E-02	3.541E-01	0.098	2.269E+00
9bk5A	AF-Q98936-F1-model_v6	7.036E-01	2.504E-01	1.606E-02	3.421E-01	0.098	6.319E+00
9bk5A	AF-Q05909-F1-model_v6	5.241E-01	2.774E-01	1.917E-02	3.638E-01	0.098	3.786E+00
9bk5A	AF-Q3KMZ4-F1-model_v6	5.814E-01	2.932E-01	1.961E-01	3.083E-01	0.090	4.303E+00
9bk5A	AF-O84031-F1-model_v6	6.047E-01	2.755E-01	1.841E-01	3.528E-01	0.090	5.927E+00
9bk5A	AF-B0B9D5-F1-model_v6	5.843E-01	2.937E-01	1.963E-01	3.083E-01	0.090	4.303E+00
9bk5A	AF-B4TIZ3-F1-model_v6	5.721E-01	2.548E-01	1.511E-01	3.136E-01	0.090	3.786E+00
9bk5A	AF-A9N716-F1-model_v6	5.694E-01	2.548E-01	1.512E-01	3.132E-01	0.090	3.786E+00
9bk5A	AF-P60821-F1-model_v6	5.711E-01	2.554E-01	1.513E-01	3.127E-01	0.090	3.786E+00
9bk5A	AF-A6MMP6-F1-model_v6	4.191E-01	3.682E-01	1.630E-01	3.944E-01	0.090	3.331E+00
9bk5A	AF-P13475-F1-model_v6	5.901E-01	2.720E-01	9.596E-02	3.440E-01	0.090	5.215E+00
9bk5A	AF-Q9FKD5-F1-model_v6	3.909E-01	2.782E-01	1.052E-01	3.127E-01	0.090	1.449E+00
9bk5A	AF-Q2HY40-F1-model_v6	5.346E-01	2.389E-01	5.177E-02	3.565E-01	0.090	4.588E+00
9bk5A	AF-Q8BG60-F1-model_v6	5.277E-01	2.384E-01	5.094E-02	3.561E-01	0.090	4.303E+00
9bk5A	AF-O34703-F1-model_v6	5.240E-01	2.871E-01	6.168E-02	3.872E-01	0.090	5.559E+00
9bk5A	AF-Q53H76-3-F1-model_v6	5.357E-01	2.993E-01	5.736E-02	2.903E-01	0.090	2.749E+00
9bk5A	AF-Q8VI78-F1-model_v6	5.631E-01	2.668E-01	4.911E-02	3.099E-01	0.090	3.551E+00
9bk5A	AF-P84798-F1-model_v6	2.625E-01	2.373E-01	8.290E-02	3.431E-01	0.090	6.304E-01
9bk5A	AF-C1D5L5-F1-model_v6	5.017E-01	3.423E-01	7.619E-02	4.188E-01	0.090	5.927E+00
9bk5A	AF-P00497-F1-model_v6	4.369E-01	4.028E-01	1.009E-01	4.108E-01	0.090	4.036E+00
9bk5A	AF-Q6GAE3-F1-model_v6	3.791E-01	3.476E-01	9.319E-02	3.766E-01	0.090	2.128E+00
9bk5A	AF-Q9T0J5-F1-model_v6	4.862E-01	4.488E-01	1.006E-01	4.400E-01	0.090	6.319E+00
9bk5A	AF-Q4J6D9-F1-model_v6	3.114E-01	2.895E-01	6.895E-02	3.386E-01	0.090	9.869E-01
9bk5A	AF-Q6G322-F1-model_v6	3.644E-01	3.337E-01	7.954E-02	3.910E-01	0.090	2.269E+00
9bk5A	AF-Q92ZK3-F1-model_v6	3.610E-01	3.286E-01	7.817E-02	4.047E-01	0.090	2.269E+00
9bk5A	AF-Q8PCY1-F1-model_v6	4.380E-01	3.960E-01	8.393E-02	4.333E-01	0.090	4.588E+00
9bk5A	AF-Q8EZQ1-F1-model_v6	4.199E-01	3.841E-01	8.215E-02	4.166E-01	0.090	4.036E+00
9bk5A	AF-C7GL41-F1-model_v6	3.460E-01	3.343E-01	6.884E-02	3.630E-01	0.090	1.756E+00
9bk5A	AF-Q56F26-F1-model_v6	7.389E-01	3.035E-01	2.557E-02	3.771E-01	0.090	9.892E+00
9bk5A	AF-A8H1E2-F1-model_v6	5.970E-01	2.848E-01	1.958E-01	2.944E-01	0.082	4.303E+00
9bk5A	AF-B0BB14-F1-model_v6	5.765E-01	2.921E-01	1.956E-01	3.083E-01	0.082	4.303E+00
9bk5A	AF-B7J0E6-F1-model_v6	5.067E-01	2.776E-01	1.850E-01	2.947E-01	0.082	3.124E+00
9bk5A	AF-B5QZU2-F1-model_v6	5.099E-01	2.775E-01	1.633E-01	3.015E-01	0.082	3.551E+00
9bk5A	AF-P52882-F1-model_v6	6.735E-01	2.661E-01	1.191E-01	3.315E-01	0.082	7.182E+00
9bk5A	AF-A6MMY3-F1-model_v6	4.173E-01	3.696E-01	1.620E-01	3.973E-01	0.082	3.786E+00
9bk5A	AF-P74946-F1-model_v6	3.547E-01	3.175E-01	1.344E-01	3.338E-01	0.082	1.756E+00
9bk5A	AF-Q9XWF4-F1-model_v6	3.911E-01	3.761E-01	1.514E-01	3.878E-01	0.082	2.931E+00
9bk5A	AF-P47614-F1-model_v6	2.942E-01	2.607E-01	1.225E-01	3.594E-01	0.082	1.275E+00
9bk5A	AF-Q53H76-4-F1-model_v6	5.482E-01	2.996E-01	8.812E-02	2.994E-01	0.082	3.786E+00
9bk5A	AF-Q5M7W1-F1-model_v6	5.135E-01	2.370E-01	5.123E-02	3.545E-01	0.082	5.215E+00
9bk5A	AF-Q8NCT1-F1-model_v6	5.831E-01	2.426E-01	4.878E-02	3.563E-01	0.082	6.737E+00
9bk5A	AF-Q5ZK28-F1-model_v6	2.663E-01	2.419E-01	8.469E-02	3.371E-01	0.082	8.144E-01
9bk5A	AF-P0CI73-F1-model_v6	4.529E-01	4.042E-01	8.544E-02	4.377E-01	0.082	5.559E+00
9bk5A	AF-Q5L3P0-F1-model_v6	4.556E-01	4.104E-01	8.523E-02	4.272E-01	0.082	5.559E+00
9bk5A	AF-Q577Y1-F1-model_v6	4.507E-01	4.085E-01	8.674E-02	4.170E-01	0.082	4.891E+00
9bk5A	AF-Q98LX5-F1-model_v6	4.157E-01	3.879E-01	8.398E-02	4.105E-01	0.082	4.036E+00
9bk5A	AF-Q99650-F1-model_v6	7.370E-01	2.899E-01	2.616E-02	3.568E-01	0.082	9.892E+00
9bk5A	AF-Q27ID4-F1-model_v6	3.872E-01	2.567E-01	2.832E-02	3.343E-01	0.082	1.996E+00
9bk5A	AF-P0C0L4-2-F1-model_v6	4.997E-01	3.379E-01	2.058E-02	3.569E-01	0.082	4.303E+00
9bk5A	AF-Q9Z963-F1-model_v6	5.017E-01	2.795E-01	1.860E-01	2.864E-01	0.076	3.551E+00
9bk5A	AF-Q2L2Q1-F1-model_v6	5.140E-01	2.800E-01	1.752E-01	2.972E-01	0.076	4.036E+00
9bk5A	AF-B6IP95-F1-model_v6	5.079E-01	2.783E-01	1.708E-01	2.975E-01	0.076	3.786E+00
9bk5A	AF-C0H3X4-F1-model_v6	2.774E-01	2.586E-01	1.586E-01	4.002E-01	0.076	1.756E+00
9bk5A	AF-Q9KL40-F1-model_v6	5.500E-01	2.990E-01	1.399E-01	2.971E-01	0.076	4.588E+00
9bk5A	AF-B8IYH8-F1-model_v6	3.428E-01	2.998E-01	1.373E-01	3.344E-01	0.076	1.996E+00
9bk5A	AF-A4GG84-F1-model_v6	4.170E-01	3.677E-01	1.633E-01	3.931E-01	0.076	4.303E+00
9bk5A	AF-Q4G359-F1-model_v6	4.410E-01	3.898E-01	1.739E-01	4.181E-01	0.076	5.559E+00
9bk5A	AF-Q7YJU0-F1-model_v6	4.213E-01	3.700E-01	1.654E-01	4.168E-01	0.076	5.559E+00
9bk5A	AF-Q1KXS0-F1-model_v6	4.177E-01	3.686E-01	1.614E-01	3.989E-01	0.076	4.588E+00
9bk5A	AF-Q06GM1-F1-model_v6	4.236E-01	3.743E-01	1.644E-01	4.170E-01	0.076	5.215E+00
9bk5A	AF-P30055-F1-model_v6	4.218E-01	3.657E-01	1.589E-01	4.022E-01	0.076	4.588E+00
9bk5A	AF-P51908-F1-model_v6	4.935E-01	3.325E-01	1.391E-01	3.730E-01	0.076	5.927E+00
9bk5A	AF-Q7UN14-F1-model_v6	3.993E-01	3.517E-01	1.488E-01	3.582E-01	0.076	3.124E+00
9bk5A	AF-Q6CKH1-F1-model_v6	4.345E-01	3.028E-01	9.474E-02	3.720E-01	0.076	4.303E+00
9bk5A	AF-Q9H3M7-F1-model_v6	5.047E-01	2.360E-01	5.155E-02	3.541E-01	0.076	5.215E+00
9bk5A	AF-A0A0B4J1F4-F1-model_v6	5.708E-01	2.425E-01	4.911E-02	3.595E-01	0.076	7.657E+00
9bk5A	AF-Q57657-F1-model_v6	4.189E-01	3.050E-01	7.177E-02	3.236E-01	0.076	2.931E+00
9bk5A	AF-Q5HQA0-F1-model_v6	4.151E-01	3.679E-01	9.265E-02	4.051E-01	0.076	4.891E+00
9bk5A	AF-P27754-F1-model_v6	3.729E-01	3.432E-01	7.575E-02	3.281E-01	0.076	2.269E+00
9bk5A	AF-Q8U4D1-F1-model_v6	4.030E-01	3.581E-01	7.315E-02	3.705E-01	0.076	3.331E+00
9bk5A	AF-Q8E5P8-F1-model_v6	4.119E-01	3.752E-01	7.732E-02	3.926E-01	0.076	4.036E+00
9bk5A	AF-Q6FZH6-F1-model_v6	3.414E-01	3.147E-01	7.688E-02	3.722E-01	0.076	2.578E+00
9bk5A	AF-P14742-F1-model_v6	3.356E-01	3.210E-01	6.671E-02	3.622E-01	0.076	2.128E+00
9bk5A	AF-P08649-F1-model_v6	4.663E-01	3.264E-01	2.127E-02	3.500E-01	0.076	4.588E+00
9bk5A	AF-C4LD24-F1-model_v6	5.150E-01	2.694E-01	1.878E-01	2.807E-01	0.069	4.036E+00
9bk5A	AF-B0TJ78-F1-model_v6	5.969E-01	2.848E-01	1.958E-01	2.938E-01	0.069	6.319E+00
9bk5A	AF-Q9PL11-F1-model_v6	5.197E-01	2.791E-01	1.858E-01	2.900E-01	0.069	4.303E+00
9bk5A	AF-A6MVP4-F1-model_v6	4.668E-01	2.770E-01	1.834E-01	3.008E-01	0.069	3.786E+00
9bk5A	AF-Q9TKZ4-F1-model_v6	6.180E-01	2.764E-01	1.642E-01	3.395E-01	0.069	8.703E+00
9bk5A	AF-Q8F3L4-F1-model_v6	5.467E-01	2.920E-01	1.745E-01	2.953E-01	0.069	5.215E+00
9bk5A	AF-O07624-F1-model_v6	5.421E-01	2.391E-01	1.373E-01	3.533E-01	0.069	7.657E+00
9bk5A	AF-B5F6S3-F1-model_v6	5.423E-01	2.510E-01	1.458E-01	2.891E-01	0.069	4.891E+00
9bk5A	AF-B5REM0-F1-model_v6	5.448E-01	2.503E-01	1.455E-01	2.908E-01	0.069	4.891E+00
9bk5A	AF-Q5PL88-F1-model_v6	5.467E-01	2.521E-01	1.463E-01	2.882E-01	0.069	4.891E+00
9bk5A	AF-P67763-F1-model_v6	5.347E-01	2.537E-01	1.452E-01	2.903E-01	0.069	4.303E+00
9bk5A	AF-P60822-F1-model_v6	5.438E-01	2.509E-01	1.457E-01	2.889E-01	0.069	4.891E+00
9bk5A	AF-Q6DSS2-F1-model_v6	4.380E-01	2.588E-01	1.224E-01	3.325E-01	0.069	3.786E+00
9bk5A	AF-Q72CH4-F1-model_v6	3.946E-01	3.446E-01	1.506E-01	3.819E-01	0.069	4.588E+00
9bk5A	AF-Q4FG71-F1-model_v6	4.178E-01	3.686E-01	1.621E-01	3.991E-01	0.069	5.215E+00
9bk5A	AF-Q8S8V5-F1-model_v6	4.177E-01	3.686E-01	1.618E-01	3.990E-01	0.069	5.559E+00
9bk5A	AF-Q3C1L6-F1-model_v6	4.178E-01	3.687E-01	1.618E-01	3.980E-01	0.069	5.559E+00
9bk5A	AF-Q332T8-F1-model_v6	4.173E-01	3.683E-01	1.619E-01	3.934E-01	0.069	4.891E+00
9bk5A	AF-Q0G9S3-F1-model_v6	4.182E-01	3.690E-01	1.621E-01	3.939E-01	0.069	5.215E+00
9bk5A	AF-P06357-F1-model_v6	4.180E-01	3.688E-01	1.620E-01	3.946E-01	0.069	5.215E+00
9bk5A	AF-Q2MIE9-F1-model_v6	4.180E-01	3.675E-01	1.613E-01	3.978E-01	0.069	5.559E+00
9bk5A	AF-P0C483-F1-model_v6	4.257E-01	3.825E-01	1.546E-01	3.868E-01	0.069	5.559E+00
9bk5A	AF-A0A0B4J1F4-2-F1-model_v6	5.489E-01	2.397E-01	6.802E-02	3.562E-01	0.069	7.182E+00
9bk5A	AF-P75195-F1-model_v6	6.460E-01	2.438E-01	6.518E-02	3.520E-01	0.069	9.892E+00
9bk5A	AF-Q5RBQ5-F1-model_v6	5.348E-01	2.987E-01	5.531E-02	2.911E-01	0.069	4.588E+00
9bk5A	AF-Q5HH14-F1-model_v6	3.672E-01	3.361E-01	8.966E-02	3.705E-01	0.069	3.551E+00
9bk5A	AF-Q6EMK4-F1-model_v6	5.145E-01	3.016E-01	4.605E-02	3.197E-01	0.069	5.559E+00
9bk5A	AF-O13339-2-F1-model_v6	4.080E-01	3.833E-01	4.229E-02	3.784E-01	0.069	4.891E+00
9bk5A	AF-P75405-F1-model_v6	4.649E-01	2.427E-01	2.259E-02	3.094E-01	0.069	4.036E+00
9bk5A	AF-P97793-F1-model_v6	4.014E-01	3.018E-01	2.248E-02	4.086E-01	0.069	5.215E+00
9bk5A	AF-A5F992-F1-model_v6	5.528E-01	2.909E-01	1.998E-01	2.949E-01	0.063	5.927E+00
9bk5A	AF-C3LS54-F1-model_v6	5.524E-01	2.908E-01	1.998E-01	2.952E-01	0.063	5.927E+00
9bk5A	AF-O51642-F1-model_v6	5.101E-01	2.781E-01	1.852E-01	2.953E-01	0.063	4.891E+00
9bk5A	AF-Q5FUG2-F1-model_v6	5.448E-01	2.965E-01	1.846E-01	3.058E-01	0.063	6.319E+00
9bk5A	AF-Q0BCF1-F1-model_v6	3.381E-01	2.314E-01	1.084E-01	2.931E-01	0.063	1.996E+00
9bk5A	AF-Q8WZ69-F1-model_v6	4.219E-01	3.897E-01	1.937E-01	3.963E-01	0.063	6.737E+00
9bk5A	AF-Q09G07-F1-model_v6	3.832E-01	3.497E-01	1.600E-01	3.616E-01	0.063	4.588E+00
9bk5A	AF-P56798-F1-model_v6	4.275E-01	3.762E-01	1.656E-01	4.016E-01	0.063	7.182E+00
9bk5A	AF-Q2MI62-F1-model_v6	4.180E-01	3.688E-01	1.619E-01	3.976E-01	0.063	6.319E+00
9bk5A	AF-A0A374-F1-model_v6	4.250E-01	3.728E-01	1.652E-01	4.013E-01	0.063	7.182E+00
9bk5A	AF-A4QKW9-F1-model_v6	4.278E-01	3.742E-01	1.656E-01	4.023E-01	0.063	7.182E+00
9bk5A	AF-Q68RW8-F1-model_v6	4.007E-01	3.632E-01	1.620E-01	3.833E-01	0.063	5.215E+00
9bk5A	AF-Q4JAL7-F1-model_v6	3.389E-01	3.088E-01	1.476E-01	3.672E-01	0.063	3.124E+00
9bk5A	AF-A1E9M9-F1-model_v6	4.175E-01	3.670E-01	1.490E-01	3.978E-01	0.063	6.319E+00
9bk5A	AF-Q9VVE2-F1-model_v6	4.094E-01	2.464E-01	7.849E-02	3.290E-01	0.063	4.303E+00
9bk5A	AF-Q9VVE2-2-F1-model_v6	4.110E-01	2.470E-01	6.400E-02	3.297E-01	0.063	4.303E+00
9bk5A	AF-P44621-F1-model_v6	4.825E-01	2.745E-01	6.908E-02	3.918E-01	0.063	7.657E+00
9bk5A	AF-O51451-F1-model_v6	3.263E-01	2.583E-01	5.711E-02	3.051E-01	0.063	1.872E+00
9bk5A	AF-P97535-F1-model_v6	5.789E-01	2.764E-01	4.966E-02	2.936E-01	0.063	6.737E+00
9bk5A	AF-Q55621-F1-model_v6	3.833E-01	3.512E-01	9.390E-02	3.933E-01	0.063	5.215E+00
9bk5A	AF-P35433-F1-model_v6	3.705E-01	3.433E-01	9.078E-02	3.529E-01	0.063	3.551E+00
9bk5A	AF-Q8TCT8-F1-model_v6	3.596E-01	3.334E-01	7.031E-02	3.118E-01	0.063	2.749E+00
9bk5A	AF-P65830-F1-model_v6	4.426E-01	3.909E-01	9.183E-02	4.084E-01	0.063	7.182E+00
9bk5A	AF-Q8CCC3-F1-model_v6	6.062E-01	2.556E-01	4.284E-02	3.404E-01	0.063	9.278E+00
9bk5A	AF-P93479-F1-model_v6	3.096E-01	2.846E-01	6.159E-02	3.372E-01	0.063	1.996E+00
9bk5A	AF-Q8ETM5-F1-model_v6	4.187E-01	3.735E-01	8.186E-02	3.782E-01	0.063	5.927E+00
9bk5A	AF-E0U070-F1-model_v6	4.378E-01	3.902E-01	8.231E-02	4.224E-01	0.063	8.163E+00
9bk5A	AF-Q99ZD3-F1-model_v6	4.257E-01	3.761E-01	7.676E-02	4.012E-01	0.063	7.182E+00
9bk5A	AF-P0DB32-F1-model_v6	4.254E-01	3.756E-01	7.684E-02	4.005E-01	0.063	7.182E+00
9bk5A	AF-Q8P0S7-F1-model_v6	4.263E-01	3.761E-01	7.676E-02	4.000E-01	0.063	7.182E+00
9bk5A	AF-B3LLX6-F1-model_v6	3.415E-01	3.295E-01	6.694E-02	3.469E-01	0.063	3.124E+00
9bk5A	AF-B8CQI1-F1-model_v6	5.946E-01	2.844E-01	1.957E-01	2.944E-01	0.057	8.703E+00
9bk5A	AF-Q822M6-F1-model_v6	5.586E-01	2.789E-01	1.857E-01	2.902E-01	0.057	6.737E+00
9bk5A	AF-A1VEB0-F1-model_v6	3.891E-01	3.445E-01	1.506E-01	3.853E-01	0.057	6.319E+00
9bk5A	AF-B0SGE9-F1-model_v6	3.111E-01	1.893E-01	8.726E-02	2.725E-01	0.057	1.647E+00
9bk5A	AF-B1YVG1-F1-model_v6	3.391E-01	2.313E-01	1.083E-01	2.931E-01	0.057	2.418E+00
9bk5A	AF-A4QLX1-F1-model_v6	4.185E-01	3.689E-01	1.615E-01	3.970E-01	0.057	7.657E+00
9bk5A	AF-Q85CS9-F1-model_v6	4.126E-01	3.738E-01	1.682E-01	3.991E-01	0.057	6.737E+00
9bk5A	AF-A4QKN0-F1-model_v6	4.187E-01	3.691E-01	1.615E-01	3.971E-01	0.057	7.657E+00
9bk5A	AF-A2T372-F1-model_v6	4.100E-01	3.702E-01	1.672E-01	4.018E-01	0.057	7.182E+00
9bk5A	AF-Q14FB9-F1-model_v6	4.269E-01	3.754E-01	1.657E-01	4.032E-01	0.057	8.163E+00
9bk5A	AF-A4GYU9-F1-model_v6	4.271E-01	3.759E-01	1.659E-01	4.051E-01	0.057	8.163E+00
9bk5A	AF-Q9EQP0-F1-model_v6	4.223E-01	2.630E-01	1.071E-01	3.181E-01	0.057	4.891E+00
9bk5A	AF-Q9SVG5-F1-model_v6	3.322E-01	3.039E-01	6.548E-02	3.864E-01	0.057	4.588E+00
9bk5A	AF-Q08951-F1-model_v6	3.631E-01	3.137E-01	4.166E-02	3.492E-01	0.057	4.036E+00
9bk5A	AF-O13339-F1-model_v6	4.163E-01	3.743E-01	4.285E-02	3.807E-01	0.057	7.182E+00
9bk5A	AF-Q54GX5-F1-model_v6	3.531E-01	3.345E-01	3.840E-02	3.588E-01	0.057	4.303E+00
9bk5A	AF-P0C0L4-F1-model_v6	4.911E-01	3.369E-01	2.046E-02	3.423E-01	0.057	7.657E+00
9bk5A	AF-Q6D1U1-F1-model_v6	5.183E-01	2.787E-01	1.947E-01	2.974E-01	0.051	7.182E+00
9bk5A	AF-C4ZYM4-F1-model_v6	5.325E-01	2.796E-01	1.951E-01	2.952E-01	0.051	7.657E+00
9bk5A	AF-A9R0U2-F1-model_v6	5.504E-01	2.904E-01	2.029E-01	2.959E-01	0.051	8.163E+00
9bk5A	AF-B1LPB3-F1-model_v6	5.326E-01	2.797E-01	1.952E-01	2.945E-01	0.051	7.657E+00
9bk5A	AF-Q1CLJ2-F1-model_v6	5.279E-01	2.786E-01	1.946E-01	2.947E-01	0.051	7.182E+00
9bk5A	AF-Q1C408-F1-model_v6	5.581E-01	2.785E-01	1.946E-01	2.869E-01	0.051	8.703E+00
9bk5A	AF-A9HS58-F1-model_v6	5.119E-01	2.797E-01	1.791E-01	3.175E-01	0.051	7.657E+00
9bk5A	AF-Q31E41-F1-model_v6	3.609E-01	2.204E-01	9.583E-02	2.795E-01	0.051	2.931E+00
9bk5A	AF-Q9QYM5-F1-model_v6	4.239E-01	3.151E-01	1.295E-01	3.473E-01	0.051	7.182E+00
9bk5A	AF-Q69QR8-F1-model_v6	3.569E-01	2.537E-01	8.627E-02	2.723E-01	0.051	2.749E+00
9bk5A	AF-P75226-F1-model_v6	3.457E-01	3.142E-01	1.334E-01	3.975E-01	0.051	5.559E+00
9bk5A	AF-Q9FKV2-F1-model_v6	2.779E-01	2.575E-01	6.275E-02	3.458E-01	0.051	2.578E+00
9bk5A	AF-D7CFN7-F1-model_v6	4.731E-01	3.039E-01	4.468E-02	3.202E-01	0.051	7.182E+00
9bk5A	AF-Q09740-F1-model_v6	3.280E-01	3.173E-01	6.899E-02	3.692E-01	0.051	4.891E+00
9bk5A	AF-P43012-F1-model_v6	2.996E-01	2.116E-01	3.161E-02	2.732E-01	0.051	1.872E+00
9bk5A	AF-P05519-F1-model_v6	4.034E-01	2.787E-01	2.732E-02	2.917E-01	0.051	4.036E+00
9bk5A	AF-P46463-F1-model_v6	5.283E-01	2.653E-01	2.389E-02	2.876E-01	0.051	7.657E+00
9bk5A	AF-B2VHI1-F1-model_v6	5.179E-01	2.786E-01	1.946E-01	2.899E-01	0.045	8.163E+00
9bk5A	AF-P33967-F1-model_v6	2.850E-01	2.581E-01	1.711E-01	3.669E-01	0.045	3.551E+00
9bk5A	AF-P54489-F1-model_v6	3.523E-01	2.174E-01	1.173E-01	2.765E-01	0.045	3.331E+00
9bk5A	AF-Q87FE9-F1-model_v6	3.492E-01	2.139E-01	8.917E-02	2.595E-01	0.045	2.578E+00
9bk5A	AF-B6EQ13-F1-model_v6	3.494E-01	2.018E-01	9.681E-02	2.678E-01	0.045	2.749E+00
9bk5A	AF-Q474I9-F1-model_v6	3.385E-01	2.249E-01	1.091E-01	2.883E-01	0.045	3.331E+00
9bk5A	AF-A9AGI1-F1-model_v6	3.589E-01	2.229E-01	1.086E-01	2.949E-01	0.045	4.303E+00
9bk5A	AF-A1V1A2-F1-model_v6	3.568E-01	2.223E-01	1.094E-01	2.936E-01	0.045	4.036E+00
9bk5A	AF-P35456-2-F1-model_v6	3.838E-01	2.741E-01	1.190E-01	3.298E-01	0.045	5.927E+00
9bk5A	AF-D4A2Q0-F1-model_v6	3.952E-01	2.230E-01	8.779E-02	2.626E-01	0.045	3.551E+00
9bk5A	AF-P0C484-F1-model_v6	4.005E-01	3.613E-01	1.510E-01	3.869E-01	0.045	9.278E+00
9bk5A	AF-Q7S2H6-F1-model_v6	3.207E-01	2.544E-01	8.010E-02	3.156E-01	0.045	3.551E+00
9bk5A	AF-Q05588-F1-model_v6	3.911E-01	2.721E-01	8.278E-02	3.239E-01	0.045	6.319E+00
9bk5A	AF-P36646-F1-model_v6	4.398E-01	2.936E-01	7.906E-02	3.191E-01	0.045	7.182E+00
9bk5A	AF-Q5GH22-F1-model_v6	3.304E-01	2.562E-01	6.158E-02	3.690E-01	0.045	5.927E+00
9bk5A	AF-P46773-F1-model_v6	3.744E-01	3.302E-01	7.206E-02	3.442E-01	0.045	5.927E+00
9bk5A	AF-P0DB33-F1-model_v6	4.268E-01	3.764E-01	7.677E-02	4.003E-01	0.045	9.892E+00
9bk5A	AF-Q8K9P7-F1-model_v6	2.960E-01	2.354E-01	3.540E-02	2.959E-01	0.045	2.269E+00
9bk5A	AF-P37466-F1-model_v6	4.152E-01	2.837E-01	2.654E-01	2.659E-01	0.040	5.559E+00
9bk5A	AF-Q8ZBE1-F1-model_v6	3.619E-01	2.768E-01	2.432E-01	3.254E-01	0.040	5.559E+00
9bk5A	AF-A7FLQ4-F1-model_v6	5.083E-01	2.786E-01	1.947E-01	2.881E-01	0.040	9.278E+00
9bk5A	AF-Q7N798-F1-model_v6	5.173E-01	2.784E-01	1.914E-01	2.970E-01	0.040	9.892E+00
9bk5A	AF-Q1LK07-F1-model_v6	3.486E-01	2.342E-01	1.106E-01	2.991E-01	0.040	4.891E+00
9bk5A	AF-B0JI39-F1-model_v6	2.904E-01	1.918E-01	8.659E-02	2.421E-01	0.040	1.996E+00
9bk5A	AF-Q63WN7-F1-model_v6	3.561E-01	2.222E-01	1.093E-01	2.949E-01	0.040	4.588E+00
9bk5A	AF-A1SUY2-F1-model_v6	3.020E-01	1.834E-01	8.691E-02	2.676E-01	0.040	2.749E+00
9bk5A	AF-A2A9Q0-F1-model_v6	4.004E-01	2.280E-01	9.041E-02	2.681E-01	0.040	4.891E+00
9bk5A	AF-Q82GN9-F1-model_v6	3.346E-01	2.155E-01	9.402E-02	2.799E-01	0.040	3.551E+00
9bk5A	AF-Q58244-F1-model_v6	3.453E-01	2.077E-01	8.254E-02	2.921E-01	0.040	4.588E+00
9bk5A	AF-Q03405-3-F1-model_v6	3.882E-01	2.743E-01	9.385E-02	3.282E-01	0.040	7.182E+00
9bk5A	AF-Q00941-F1-model_v6	4.466E-01	2.457E-01	6.080E-02	2.814E-01	0.040	6.737E+00
9bk5A	AF-Q9CZT5-F1-model_v6	4.682E-01	3.090E-01	4.923E-02	3.222E-01	0.040	9.892E+00
9bk5A	AF-P9WLT5-F1-model_v6	3.037E-01	2.148E-01	1.043E-01	2.815E-01	0.034	4.036E+00
9bk5A	AF-Q0K7Z0-F1-model_v6	3.351E-01	2.264E-01	1.100E-01	2.864E-01	0.034	5.215E+00
9bk5A	AF-Q13UP6-F1-model_v6	3.610E-01	2.231E-01	1.105E-01	2.933E-01	0.034	5.559E+00
9bk5A	AF-A2S933-F1-model_v6	3.534E-01	2.212E-01	1.090E-01	2.943E-01	0.034	5.215E+00
9bk5A	AF-Q39DH2-F1-model_v6	3.394E-01	2.318E-01	1.086E-01	2.945E-01	0.034	5.559E+00
9bk5A	AF-A5EEN4-F1-model_v6	3.530E-01	2.206E-01	9.458E-02	2.769E-01	0.034	4.891E+00
9bk5A	AF-A1BHA1-F1-model_v6	2.966E-01	2.176E-01	1.049E-01	3.026E-01	0.034	4.036E+00
9bk5A	AF-Q7XA77-2-F1-model_v6	3.591E-01	2.554E-01	1.084E-01	2.946E-01	0.034	5.927E+00
9bk5A	AF-P49616-F1-model_v6	3.877E-01	2.752E-01	8.593E-02	3.308E-01	0.034	8.703E+00
9bk5A	AF-P86951-F1-model_v6	3.188E-01	2.123E-01	8.181E-02	3.252E-01	0.034	5.215E+00
9bk5A	AF-Q84RE1-F1-model_v6	4.186E-01	2.367E-01	6.247E-02	2.688E-01	0.034	6.319E+00
9bk5A	AF-Q7VFY5-F1-model_v6	2.782E-01	2.363E-01	7.999E-02	4.033E-01	0.034	6.737E+00
9bk5A	AF-P9WLT4-F1-model_v6	3.038E-01	2.149E-01	1.043E-01	2.796E-01	0.029	4.891E+00
9bk5A	AF-P0A5F4-F1-model_v6	3.039E-01	2.150E-01	1.045E-01	2.810E-01	0.029	4.588E+00
9bk5A	AF-O30970-F1-model_v6	3.703E-01	2.404E-01	1.151E-01	3.103E-01	0.029	8.703E+00
9bk5A	AF-B7JZR4-F1-model_v6	3.290E-01	2.037E-01	8.627E-02	2.664E-01	0.029	4.588E+00
9bk5A	AF-A8EV17-F1-model_v6	3.072E-01	1.995E-01	9.558E-02	2.777E-01	0.029	4.303E+00
9bk5A	AF-B2SY78-F1-model_v6	3.071E-01	1.892E-01	8.844E-02	2.739E-01	0.029	4.891E+00
9bk5A	AF-A3NS64-F1-model_v6	3.254E-01	2.027E-01	9.669E-02	2.609E-01	0.029	4.303E+00
9bk5A	AF-Q3JVD0-F1-model_v6	3.253E-01	2.025E-01	9.666E-02	2.620E-01	0.029	4.303E+00
9bk5A	AF-B0C079-F1-model_v6	3.533E-01	2.138E-01	9.238E-02	2.826E-01	0.029	6.737E+00
9bk5A	AF-P42072-F1-model_v6	2.825E-01	2.131E-01	9.220E-02	3.009E-01	0.029	4.588E+00
9bk5A	AF-P09793-F1-model_v6	2.813E-01	2.178E-01	9.441E-02	2.845E-01	0.029	4.036E+00
9bk5A	AF-Q9MYX7-F1-model_v6	3.028E-01	2.280E-01	9.848E-02	2.928E-01	0.029	5.215E+00
9bk5A	AF-Q7XA77-F1-model_v6	3.764E-01	2.797E-01	8.526E-02	3.003E-01	0.029	7.657E+00
9bk5A	AF-Q48743-F1-model_v6	3.790E-01	1.910E-01	6.534E-02	2.737E-01	0.029	7.182E+00
9bk5A	AF-O74941-F1-model_v6	2.925E-01	2.452E-01	3.188E-02	2.904E-01	0.029	4.303E+00
9bk5A	AF-A4G883-F1-model_v6	3.586E-01	2.310E-01	1.116E-01	2.899E-01	0.024	7.657E+00
9bk5A	AF-B1XYE2-F1-model_v6	3.256E-01	2.287E-01	1.070E-01	2.753E-01	0.024	6.737E+00
9bk5A	AF-Q62M91-F1-model_v6	3.254E-01	2.029E-01	9.631E-02	2.618E-01	0.024	5.215E+00
9bk5A	AF-A3MHF0-F1-model_v6	3.251E-01	2.026E-01	9.639E-02	2.624E-01	0.024	5.215E+00
9bk5A	AF-Q2T0M6-F1-model_v6	3.249E-01	2.027E-01	9.660E-02	2.629E-01	0.024	5.927E+00
9bk5A	AF-B4E9I1-F1-model_v6	3.366E-01	2.177E-01	1.026E-01	2.612E-01	0.024	5.559E+00
9bk5A	AF-A3N6I1-F1-model_v6	3.259E-01	2.031E-01	9.650E-02	2.620E-01	0.024	5.215E+00
9bk5A	AF-P05364-F1-model_v6	3.757E-01	1.890E-01	6.296E-02	2.515E-01	0.024	6.737E+00
9bk5A	AF-P24735-F1-model_v6	3.042E-01	1.955E-01	6.802E-02	2.587E-01	0.024	4.891E+00
9bk5A	AF-C3P5I7-F1-model_v6	3.286E-01	2.870E-01	8.480E-02	3.255E-01	0.024	8.703E+00
9bk5A	AF-O54915-F1-model_v6	2.788E-01	2.264E-01	6.925E-02	3.115E-01	0.024	5.559E+00
9bk5A	AF-Q9D236-1-F1-model_v6	3.608E-01	2.016E-01	4.671E-02	2.792E-01	0.024	7.657E+00
9bk5A	AF-Q9D236-F1-model_v6	3.478E-01	1.997E-01	4.672E-02	2.744E-01	0.024	7.657E+00
9bk5A	AF-Q54EJ6-F1-model_v6	3.411E-01	2.453E-01	5.524E-02	3.371E-01	0.024	9.892E+00
9bk5A	AF-P30986-F1-model_v6	3.048E-01	2.836E-01	6.237E-02	3.682E-01	0.024	9.278E+00
9bk5A	AF-Q97ZJ8-F1-model_v6	3.312E-01	2.238E-01	4.133E-02	2.796E-01	0.024	7.182E+00
9bk5A	AF-Q9TXI7-F1-model_v6	2.946E-01	1.852E-01	2.503E-02	2.605E-01	0.024	4.891E+00
9bk5A	AF-Q9PQX2-F1-model_v6	3.477E-01	2.641E-01	1.361E-01	2.835E-01	0.020	9.892E+00
9bk5A	AF-B2JDT0-F1-model_v6	3.387E-01	2.153E-01	1.081E-01	2.818E-01	0.020	8.703E+00
9bk5A	AF-A0K9Z1-F1-model_v6	3.258E-01	2.026E-01	9.648E-02	2.615E-01	0.020	7.657E+00
9bk5A	AF-Q1BU45-F1-model_v6	3.262E-01	2.030E-01	9.548E-02	2.604E-01	0.020	7.657E+00
9bk5A	AF-B1JXH8-F1-model_v6	3.369E-01	2.178E-01	1.026E-01	2.603E-01	0.020	6.737E+00
9bk5A	AF-P0DH82-F1-model_v6	2.823E-01	1.919E-01	1.004E-01	3.478E-01	0.020	8.703E+00
9bk5A	AF-A8M0C0-F1-model_v6	3.127E-01	1.787E-01	8.435E-02	2.721E-01	0.020	6.737E+00
9bk5A	AF-Q9SU86-F1-model_v6	3.157E-01	2.310E-01	9.116E-02	2.693E-01	0.020	7.182E+00
9bk5A	AF-Q86UV5-4-F1-model_v6	2.901E-01	1.738E-01	5.002E-02	2.318E-01	0.020	4.303E+00
9bk5A	AF-Q29RJ0-F1-model_v6	3.164E-01	2.820E-01	7.811E-02	3.030E-01	0.020	8.163E+00
9bk5A	AF-D3ZA76-F1-model_v6	3.461E-01	1.999E-01	4.673E-02	2.735E-01	0.020	8.163E+00
9bk5A	AF-O94782-F1-model_v6	3.685E-01	1.868E-01	2.965E-02	2.368E-01	0.020	7.182E+00
9bk5A	AF-Q754R5-F1-model_v6	3.056E-01	2.646E-01	4.033E-02	3.039E-01	0.020	8.703E+00
9bk5A	AF-Q9TXI7-3-F1-model_v6	2.831E-01	1.869E-01	2.529E-02	2.590E-01	0.020	4.588E+00
9bk5A	AF-A6ZY34-F1-model_v6	3.369E-01	2.676E-01	3.593E-02	2.748E-01	0.020	8.703E+00
9bk5A	AF-P0CQ08-F1-model_v6	3.726E-01	1.781E-01	2.027E-02	2.233E-01	0.020	7.182E+00
9bk5A	AF-Q3AQF7-F1-model_v6	2.865E-01	2.139E-01	1.056E-01	3.018E-01	0.016	9.892E+00
9bk5A	AF-Q91XF0-F1-model_v6	2.967E-01	1.862E-01	8.058E-02	2.485E-01	0.016	6.319E+00
9bk5A	AF-O57429-F1-model_v6	2.917E-01	2.232E-01	6.776E-02	2.566E-01	0.016	6.737E+00
9bk5A	AF-O69773-F1-model_v6	3.531E-01	1.972E-01	6.580E-02	2.669E-01	0.016	9.892E+00
9bk5A	AF-Q65JF3-F1-model_v6	2.937E-01	2.397E-01	7.324E-02	2.935E-01	0.016	8.163E+00
9bk5A	AF-A7A1R7-F1-model_v6	2.653E-01	2.563E-01	4.858E-02	2.858E-01	0.016	6.319E+00
9bk5A	AF-Q2KJ72-F1-model_v6	3.678E-01	1.780E-01	3.780E-02	2.223E-01	0.016	7.657E+00
9bk5A	AF-Q29RP1-F1-model_v6	3.662E-01	1.862E-01	2.965E-02	2.358E-01	0.016	8.163E+00
9bk5A	AF-Q569C3-F1-model_v6	3.675E-01	1.867E-01	2.967E-02	2.371E-01	0.016	9.892E+00
9bk5A	AF-Q8BJQ2-F1-model_v6	3.687E-01	1.869E-01	2.967E-02	2.366E-01	0.016	8.703E+00
9bk5A	AF-A8Z5Z5-F1-model_v6	2.726E-01	2.188E-01	3.773E-02	3.288E-01	0.016	8.703E+00
9bk5A	AF-Q8BW70-F1-model_v6	3.674E-01	1.762E-01	2.245E-02	2.209E-01	0.016	8.703E+00
9bk5A	AF-P0CQ09-F1-model_v6	3.722E-01	1.804E-01	2.027E-02	2.255E-01	0.016	8.703E+00
9bk5A	AF-A4JHA1-F1-model_v6	3.265E-01	2.031E-01	9.668E-02	2.617E-01	0.014	9.892E+00
9bk5A	AF-Q8VHW4-F1-model_v6	2.797E-01	2.057E-01	7.662E-02	2.730E-01	0.014	8.703E+00
9bk5A	AF-Q5RDP4-F1-model_v6	2.686E-01	1.964E-01	2.801E-02	2.737E-01	0.014	8.703E+00
9bk5A	AF-Q15031-F1-model_v6	2.693E-01	1.847E-01	2.796E-02	2.722E-01	0.011	9.278E+00
9bk5A	AF-P16410-5-F1-model_v6	2.132E-01	1.662E-01	9.103E-02	2.309E-01	0.009	8.163E+00
9bk5A	AF-P16410-F1-model_v6	2.158E-01	1.672E-01	7.523E-02	2.249E-01	0.009	8.703E+00
9bk5A	AF-Q1E873-F1-model_v6	1.812E-01	1.675E-01	2.486E-02	2.191E-01	0.008	8.163E+00
