am2m	AF-B2UKN1-F1-model_v6	5.104E-01	5.016E-01	1.687E-01	4.803E-01	0.999	1.363E-03
am2m	AF-Q9AK82-F1-model_v6	5.874E-01	5.649E-01	1.471E-01	4.900E-01	0.999	4.238E-03
am2m	AF-Q8UFV3-F1-model_v6	4.947E-01	4.812E-01	1.539E-01	4.692E-01	0.998	1.547E-03
am2m	AF-Q0SSQ2-F1-model_v6	5.238E-01	5.088E-01	1.775E-01	4.758E-01	0.998	2.727E-03
am2m	AF-Q92QM8-F1-model_v6	5.320E-01	5.166E-01	1.524E-01	4.775E-01	0.998	3.093E-03
am2m	AF-Q5HN39-F1-model_v6	4.894E-01	4.745E-01	1.692E-01	4.938E-01	0.998	2.560E-03
am2m	AF-Q49YT9-F1-model_v6	4.876E-01	4.739E-01	1.693E-01	4.977E-01	0.997	3.093E-03
am2m	AF-Q8CNP3-F1-model_v6	4.918E-01	4.747E-01	1.694E-01	4.941E-01	0.997	3.508E-03
am2m	AF-Q92A40-F1-model_v6	4.987E-01	4.849E-01	1.770E-01	4.845E-01	0.997	3.093E-03
am2m	AF-Q0TQ38-F1-model_v6	5.195E-01	5.048E-01	1.769E-01	4.713E-01	0.997	3.508E-03
am2m	AF-A5FSS1-F1-model_v6	6.098E-01	5.891E-01	1.800E-01	5.146E-01	0.997	1.317E-02
am2m	AF-B8FBE8-F1-model_v6	5.462E-01	5.307E-01	1.694E-01	5.116E-01	0.997	7.016E-03
am2m	AF-A1KUQ3-F1-model_v6	5.206E-01	5.059E-01	1.779E-01	4.749E-01	0.996	4.807E-03
am2m	AF-Q64X95-F1-model_v6	5.237E-01	5.079E-01	1.736E-01	4.599E-01	0.996	4.238E-03
am2m	AF-A8MGJ5-F1-model_v6	5.236E-01	5.089E-01	1.642E-01	4.694E-01	0.996	4.807E-03
am2m	AF-Q8Y5T0-F1-model_v6	4.955E-01	4.830E-01	1.745E-01	4.648E-01	0.995	3.736E-03
am2m	AF-Q5M2Y5-F1-model_v6	5.749E-01	5.617E-01	1.862E-01	4.783E-01	0.995	1.024E-02
am2m	AF-P58965-F1-model_v6	5.061E-01	4.891E-01	1.592E-01	4.906E-01	0.995	5.453E-03
am2m	AF-Q5F8N2-F1-model_v6	4.993E-01	4.825E-01	1.682E-01	4.773E-01	0.994	5.120E-03
am2m	AF-Q9JRG1-F1-model_v6	5.314E-01	5.160E-01	1.794E-01	4.681E-01	0.994	6.587E-03
am2m	AF-Q71Y46-F1-model_v6	4.957E-01	4.814E-01	1.744E-01	4.636E-01	0.994	4.238E-03
am2m	AF-Q8XK37-F1-model_v6	5.209E-01	5.062E-01	1.770E-01	4.813E-01	0.994	7.016E-03
am2m	AF-Q7USY7-F1-model_v6	5.777E-01	5.585E-01	1.725E-01	5.151E-01	0.994	1.695E-02
am2m	AF-A4VZ21-F1-model_v6	4.868E-01	4.730E-01	1.697E-01	4.742E-01	0.993	4.514E-03
am2m	AF-Q4L7K8-F1-model_v6	4.821E-01	4.655E-01	1.690E-01	4.831E-01	0.993	5.120E-03
am2m	AF-A2RNH9-F1-model_v6	5.293E-01	5.109E-01	1.744E-01	4.520E-01	0.993	5.807E-03
am2m	AF-Q6JDV7-2-F1-model_v6	5.247E-01	5.164E-01	1.563E-01	4.902E-01	0.993	9.027E-03
am2m	AF-A0AK80-F1-model_v6	4.943E-01	4.818E-01	1.745E-01	4.630E-01	0.992	5.453E-03
am2m	AF-C1KWR9-F1-model_v6	4.945E-01	4.822E-01	1.745E-01	4.639E-01	0.992	5.120E-03
am2m	AF-Q8UJK7-F1-model_v6	5.241E-01	5.073E-01	1.754E-01	4.619E-01	0.992	7.472E-03
am2m	AF-Q8DVR7-F1-model_v6	4.988E-01	4.841E-01	1.605E-01	4.355E-01	0.992	3.979E-03
am2m	AF-Q98LV1-F1-model_v6	5.050E-01	4.904E-01	1.457E-01	4.422E-01	0.992	4.807E-03
am2m	AF-Q3ZWB2-F1-model_v6	5.436E-01	5.282E-01	1.720E-01	5.157E-01	0.991	1.805E-02
am2m	AF-B8DBV7-F1-model_v6	4.645E-01	4.498E-01	1.576E-01	4.674E-01	0.990	4.807E-03
am2m	AF-Q9CE21-F1-model_v6	4.962E-01	4.816E-01	1.643E-01	4.547E-01	0.990	6.185E-03
am2m	AF-A3CSG3-F1-model_v6	5.289E-01	5.205E-01	1.767E-01	4.833E-01	0.988	1.403E-02
am2m	AF-Q18A91-F1-model_v6	4.623E-01	4.494E-01	1.618E-01	4.842E-01	0.988	6.587E-03
am2m	AF-Q8TIW3-F1-model_v6	5.472E-01	5.304E-01	1.805E-01	4.835E-01	0.988	1.695E-02
am2m	AF-Q8PT42-F1-model_v6	5.232E-01	5.095E-01	1.685E-01	4.908E-01	0.988	1.494E-02
am2m	AF-A5N2U5-F1-model_v6	5.357E-01	5.202E-01	1.629E-01	4.788E-01	0.988	1.494E-02
am2m	AF-Q81M86-F1-model_v6	4.849E-01	4.695E-01	1.495E-01	4.899E-01	0.988	9.614E-03
am2m	AF-Q6JDV7-3-F1-model_v6	5.252E-01	5.158E-01	1.014E-01	4.903E-01	0.988	1.494E-02
am2m	AF-A3CKU4-F1-model_v6	4.937E-01	4.795E-01	1.739E-01	4.493E-01	0.986	7.016E-03
am2m	AF-Q0A4X2-F1-model_v6	4.688E-01	4.555E-01	1.639E-01	4.550E-01	0.986	6.185E-03
am2m	AF-Q49426-F1-model_v6	6.283E-01	6.068E-01	1.758E-01	5.056E-01	0.984	5.269E-02
am2m	AF-Q974T8-F1-model_v6	6.139E-01	5.934E-01	1.930E-01	5.665E-01	0.981	8.722E-02
am2m	AF-Q5FSM8-F1-model_v6	5.979E-01	5.753E-01	1.947E-01	4.927E-01	0.981	3.845E-02
am2m	AF-Q8F8Q2-F1-model_v6	4.818E-01	4.595E-01	1.590E-01	4.574E-01	0.981	9.614E-03
am2m	AF-Q88V07-F1-model_v6	5.856E-01	5.686E-01	1.841E-01	5.093E-01	0.981	4.361E-02
am2m	AF-A8AUV7-F1-model_v6	4.528E-01	4.398E-01	1.573E-01	4.515E-01	0.978	7.472E-03
am2m	AF-Q4JB80-F1-model_v6	6.263E-01	6.055E-01	1.950E-01	5.715E-01	0.978	1.054E-01
am2m	AF-Q72MY7-F1-model_v6	4.816E-01	4.594E-01	1.587E-01	4.578E-01	0.978	1.024E-02
am2m	AF-Q03J54-F1-model_v6	4.925E-01	4.788E-01	1.688E-01	4.484E-01	0.978	1.024E-02
am2m	AF-Q818U9-F1-model_v6	4.842E-01	4.689E-01	1.485E-01	4.883E-01	0.978	1.494E-02
am2m	AF-Q8YC76-F1-model_v6	4.920E-01	4.779E-01	1.405E-01	4.587E-01	0.978	1.237E-02
am2m	AF-Q6JDV7-F1-model_v6	5.074E-01	4.983E-01	9.853E-02	4.640E-01	0.978	1.591E-02
am2m	AF-Q97W02-F1-model_v6	5.722E-01	5.632E-01	1.907E-01	5.125E-01	0.975	4.645E-02
am2m	AF-Q8DQZ7-F1-model_v6	4.994E-01	4.848E-01	1.749E-01	4.611E-01	0.975	1.591E-02
am2m	AF-Q04M21-F1-model_v6	4.972E-01	4.851E-01	1.748E-01	4.612E-01	0.975	1.591E-02
am2m	AF-Q67QM6-F1-model_v6	4.876E-01	4.739E-01	1.645E-01	4.469E-01	0.975	1.090E-02
am2m	AF-Q02WA3-F1-model_v6	4.654E-01	4.467E-01	1.576E-01	4.528E-01	0.975	1.024E-02
am2m	AF-P75241-F1-model_v6	5.896E-01	5.724E-01	1.706E-01	5.006E-01	0.975	4.947E-02
am2m	AF-P96022-F1-model_v6	5.771E-01	5.629E-01	1.873E-01	4.985E-01	0.971	5.269E-02
am2m	AF-Q5LYC2-F1-model_v6	4.662E-01	4.530E-01	1.646E-01	4.614E-01	0.971	1.317E-02
am2m	AF-Q8EQ56-F1-model_v6	5.079E-01	4.938E-01	1.542E-01	4.791E-01	0.971	2.181E-02
am2m	AF-Q9UBT6-8-F1-model_v6	4.714E-01	4.566E-01	8.574E-02	4.668E-01	0.971	1.317E-02
am2m	AF-Q5R4N7-F1-model_v6	5.812E-01	5.588E-01	6.140E-02	4.847E-01	0.971	4.361E-02
am2m	AF-B1YK83-F1-model_v6	5.166E-01	5.009E-01	1.734E-01	4.660E-01	0.967	2.474E-02
am2m	AF-A3DH61-F1-model_v6	5.090E-01	4.949E-01	1.626E-01	4.690E-01	0.967	2.474E-02
am2m	AF-P63988-F1-model_v6	4.730E-01	4.566E-01	1.646E-01	4.291E-01	0.961	1.237E-02
am2m	AF-P9WNT1-F1-model_v6	5.042E-01	4.862E-01	1.701E-01	4.414E-01	0.961	1.923E-02
am2m	AF-A1S8M3-F1-model_v6	5.276E-01	5.127E-01	1.808E-01	4.814E-01	0.961	3.610E-02
am2m	AF-Q98NW7-F1-model_v6	4.517E-01	4.361E-01	1.610E-01	4.771E-01	0.961	1.591E-02
am2m	AF-A9A3A9-F1-model_v6	5.299E-01	5.150E-01	1.750E-01	4.787E-01	0.961	3.845E-02
am2m	AF-Q3ZAI3-F1-model_v6	4.873E-01	4.729E-01	1.513E-01	4.507E-01	0.961	1.805E-02
am2m	AF-P9WNT0-F1-model_v6	5.042E-01	4.863E-01	1.701E-01	4.417E-01	0.956	2.181E-02
am2m	AF-Q97SC7-F1-model_v6	4.965E-01	4.834E-01	1.748E-01	4.633E-01	0.956	2.474E-02
am2m	AF-Q8FW50-F1-model_v6	4.948E-01	4.816E-01	1.445E-01	4.457E-01	0.956	2.181E-02
am2m	AF-Q9QUG2-2-F1-model_v6	4.744E-01	4.642E-01	9.178E-02	4.912E-01	0.956	2.806E-02
am2m	AF-Q9UBT6-F1-model_v6	4.675E-01	4.575E-01	7.922E-02	4.863E-01	0.956	2.323E-02
am2m	AF-Q48RJ4-F1-model_v6	4.959E-01	4.773E-01	1.613E-01	4.246E-01	0.941	2.181E-02
am2m	AF-O74944-F1-model_v6	5.105E-01	4.962E-01	1.223E-01	4.609E-01	0.941	3.610E-02
am2m	AF-Q1JF59-F1-model_v6	4.957E-01	4.771E-01	1.613E-01	4.229E-01	0.933	2.474E-02
am2m	AF-Q3JZG9-F1-model_v6	4.910E-01	4.767E-01	1.694E-01	4.550E-01	0.933	3.183E-02
am2m	AF-A2RCQ1-F1-model_v6	4.958E-01	4.771E-01	1.612E-01	4.224E-01	0.933	2.474E-02
am2m	AF-Q6AL48-F1-model_v6	4.846E-01	4.694E-01	1.640E-01	4.297E-01	0.933	2.474E-02
am2m	AF-Q2RJ46-F1-model_v6	5.055E-01	4.909E-01	1.567E-01	4.647E-01	0.933	4.361E-02
am2m	AF-Q1JA16-F1-model_v6	4.954E-01	4.768E-01	1.612E-01	4.227E-01	0.923	2.806E-02
am2m	AF-Q8E3I8-F1-model_v6	5.251E-01	5.061E-01	1.725E-01	4.464E-01	0.923	4.645E-02
am2m	AF-Q1JK63-F1-model_v6	4.958E-01	4.771E-01	1.613E-01	4.212E-01	0.923	2.806E-02
am2m	AF-Q5XA48-F1-model_v6	4.954E-01	4.768E-01	1.612E-01	4.224E-01	0.923	2.806E-02
am2m	AF-Q8PYH6-F1-model_v6	5.656E-01	5.476E-01	1.845E-01	4.825E-01	0.923	9.289E-02
am2m	AF-B5ZBT4-F1-model_v6	5.907E-01	5.656E-01	1.858E-01	5.079E-01	0.912	1.538E-01
am2m	AF-Q1J509-F1-model_v6	4.827E-01	4.645E-01	1.609E-01	4.307E-01	0.912	2.988E-02
am2m	AF-P0DA79-F1-model_v6	4.926E-01	4.743E-01	1.615E-01	4.200E-01	0.912	2.988E-02
am2m	AF-P0DA78-F1-model_v6	4.930E-01	4.747E-01	1.609E-01	4.211E-01	0.912	3.183E-02
am2m	AF-Q3ABL2-F1-model_v6	4.697E-01	4.546E-01	1.559E-01	4.990E-01	0.912	5.611E-02
am2m	AF-Q9A5I1-F1-model_v6	4.594E-01	4.460E-01	1.493E-01	4.652E-01	0.912	3.390E-02
am2m	AF-Q9QUG2-F1-model_v6	4.382E-01	4.283E-01	7.743E-02	4.488E-01	0.912	2.474E-02
am2m	AF-A3QGY9-F1-model_v6	4.765E-01	4.617E-01	1.638E-01	3.987E-01	0.900	2.181E-02
am2m	AF-Q99Y66-F1-model_v6	4.964E-01	4.775E-01	1.612E-01	4.248E-01	0.900	3.610E-02
am2m	AF-Q8NZI1-F1-model_v6	4.957E-01	4.769E-01	1.615E-01	4.241E-01	0.900	3.610E-02
am2m	AF-Q8DXW9-F1-model_v6	4.871E-01	4.728E-01	1.590E-01	4.410E-01	0.887	4.645E-02
am2m	AF-Q4KWZ7-F1-model_v6	5.296E-01	5.101E-01	5.790E-02	4.487E-01	0.872	8.189E-02
am2m	AF-A1WY69-F1-model_v6	4.821E-01	4.682E-01	1.687E-01	4.685E-01	0.855	8.189E-02
am2m	AF-Q9PQ53-F1-model_v6	5.625E-01	5.408E-01	1.819E-01	4.696E-01	0.855	1.444E-01
am2m	AF-Q8REB0-F1-model_v6	5.236E-01	5.078E-01	1.810E-01	4.535E-01	0.817	1.195E-01
am2m	AF-Q6FFG4-F1-model_v6	5.310E-01	5.160E-01	1.839E-01	4.629E-01	0.817	1.444E-01
am2m	AF-B1AJ79-F1-model_v6	5.658E-01	5.432E-01	1.819E-01	4.697E-01	0.817	1.978E-01
am2m	AF-P18642-F1-model_v6	5.036E-01	4.922E-01	1.515E-01	4.581E-01	0.795	1.273E-01
am2m	AF-O31990-F1-model_v6	5.172E-01	4.953E-01	1.478E-01	4.751E-01	0.772	1.858E-01
am2m	AF-A4YEC1-F1-model_v6	4.994E-01	4.836E-01	1.714E-01	4.255E-01	0.747	1.122E-01
am2m	AF-P14303-F1-model_v6	5.421E-01	5.279E-01	1.496E-01	4.501E-01	0.747	1.978E-01
am2m	AF-B1ZN03-F1-model_v6	5.403E-01	5.239E-01	1.661E-01	4.646E-01	0.720	2.546E-01
am2m	AF-P33538-F1-model_v6	5.948E-01	5.363E-01	7.271E-02	4.509E-01	0.692	3.488E-01
am2m	AF-Q0HY21-F1-model_v6	5.024E-01	4.866E-01	1.663E-01	3.993E-01	0.663	1.356E-01
am2m	AF-A5D243-F1-model_v6	3.576E-01	3.481E-01	1.342E-01	4.080E-01	0.632	4.645E-02
am2m	AF-A3EWL3-2-F1-model_v6	4.720E-01	4.521E-01	6.019E-02	4.231E-01	0.601	1.858E-01
am2m	AF-P23832-F1-model_v6	4.613E-01	4.462E-01	1.398E-01	3.975E-01	0.569	1.638E-01
am2m	AF-O95405-2-F1-model_v6	3.376E-01	2.986E-01	3.703E-02	4.183E-01	0.569	5.269E-02
am2m	AF-O95405-F1-model_v6	3.386E-01	2.992E-01	3.604E-02	4.191E-01	0.569	5.611E-02
am2m	AF-B8H428-F1-model_v6	5.296E-01	5.033E-01	1.291E-01	4.082E-01	0.505	3.715E-01
am2m	AF-Q57659-F1-model_v6	4.912E-01	3.672E-01	2.548E-01	3.568E-01	0.411	2.887E-01
am2m	AF-Q9A3J2-F1-model_v6	5.297E-01	5.036E-01	1.291E-01	4.076E-01	0.411	5.774E-01
am2m	AF-P22374-F1-model_v6	4.417E-01	4.259E-01	5.742E-02	4.063E-01	0.382	3.488E-01
am2m	AF-P22373-F1-model_v6	5.011E-01	4.909E-01	6.918E-02	4.268E-01	0.353	7.429E-01
am2m	AF-Q80U44-F1-model_v6	2.890E-01	2.606E-01	3.342E-02	3.897E-01	0.254	1.356E-01
am2m	AF-A0LYR8-F1-model_v6	5.821E-01	4.554E-01	5.044E-02	4.316E-01	0.214	2.620E+00
am2m	AF-Q7Z3T8-F1-model_v6	2.352E-01	2.160E-01	3.178E-02	3.636E-01	0.214	5.976E-02
am2m	AF-Q9X1T8-F1-model_v6	4.194E-01	3.960E-01	2.586E-01	3.743E-01	0.196	7.429E-01
am2m	AF-A0A2W0EVE0-F1-model_v6	3.147E-01	3.039E-01	7.567E-02	3.679E-01	0.196	2.711E-01
am2m	AF-A2P2R3-F1-model_v6	4.642E-01	4.453E-01	1.908E-01	3.723E-01	0.179	1.230E+00
am2m	AF-Q9WXZ5-F1-model_v6	4.459E-01	3.833E-01	8.948E-02	4.022E-01	0.179	1.395E+00
am2m	AF-Q5HE49-F1-model_v6	4.489E-01	3.814E-01	8.856E-02	3.864E-01	0.138	1.795E+00
am2m	AF-P64228-F1-model_v6	4.483E-01	3.794E-01	8.827E-02	3.855E-01	0.138	1.795E+00
am2m	AF-Q6GES3-F1-model_v6	4.487E-01	3.812E-01	8.855E-02	3.873E-01	0.138	1.795E+00
am2m	AF-A6L3G1-F1-model_v6	5.489E-01	4.352E-01	5.043E-02	4.112E-01	0.138	3.823E+00
am2m	AF-P07902-2-F1-model_v6	3.779E-01	3.110E-01	1.390E-01	3.481E-01	0.126	9.559E-01
am2m	AF-P64227-F1-model_v6	4.487E-01	3.812E-01	8.856E-02	3.865E-01	0.126	2.036E+00
am2m	AF-Q9PLA4-F1-model_v6	5.560E-01	4.606E-01	9.157E-02	4.034E-01	0.126	4.336E+00
am2m	AF-O26060-F1-model_v6	4.451E-01	3.906E-01	8.645E-02	3.691E-01	0.116	2.309E+00
am2m	AF-Q2YU32-F1-model_v6	5.148E-01	3.873E-01	1.395E-01	3.921E-01	0.098	4.919E+00
am2m	AF-Q821Z7-F1-model_v6	5.278E-01	4.430E-01	9.264E-02	3.928E-01	0.098	4.919E+00
am2m	AF-Q8S3N1-F1-model_v6	4.688E-01	3.303E-01	1.279E-01	3.369E-01	0.090	2.971E+00
am2m	AF-P41390-F1-model_v6	4.557E-01	3.970E-01	9.592E-02	3.595E-01	0.090	3.590E+00
am2m	AF-Q8UEH1-F1-model_v6	5.830E-01	4.340E-01	8.495E-02	4.145E-01	0.090	8.142E+00
am2m	AF-Q94F20-2-F1-model_v6	5.248E-01	2.945E-01	1.488E-01	3.052E-01	0.082	4.072E+00
am2m	AF-Q47147-F1-model_v6	4.704E-01	4.194E-01	1.926E-01	3.912E-01	0.082	5.239E+00
am2m	AF-Q8LAR0-F1-model_v6	4.768E-01	2.521E-01	6.839E-02	2.446E-01	0.082	1.795E+00
am2m	AF-Q8CJ96-F1-model_v6	4.529E-01	2.434E-01	6.488E-02	2.524E-01	0.082	1.685E+00
am2m	AF-O66648-F1-model_v6	5.491E-01	4.646E-01	9.867E-02	3.992E-01	0.082	7.645E+00
am2m	AF-Q9ZJ94-F1-model_v6	4.457E-01	3.896E-01	8.572E-02	3.669E-01	0.082	4.072E+00
am2m	AF-Q5JH71-F1-model_v6	4.286E-01	3.639E-01	8.698E-02	3.609E-01	0.082	3.823E+00
am2m	AF-Q9D3X9-2-F1-model_v6	5.031E-01	2.622E-01	7.957E-02	2.943E-01	0.076	3.823E+00
am2m	AF-P07902-F1-model_v6	3.356E-01	2.779E-01	8.524E-02	2.752E-01	0.076	1.155E+00
am2m	AF-Q9PMT4-F1-model_v6	5.360E-01	3.890E-01	7.567E-02	3.702E-01	0.076	7.645E+00
am2m	AF-Q82NR8-F1-model_v6	6.930E-01	2.528E-01	2.794E-02	2.947E-01	0.076	8.142E+00
am2m	AF-C9XI66-F1-model_v6	5.688E-01	2.840E-01	2.065E-02	2.995E-01	0.076	4.919E+00
am2m	AF-Q97QZ6-F1-model_v6	3.242E-01	3.156E-01	1.219E-01	3.019E-01	0.069	1.486E+00
am2m	AF-Q55621-F1-model_v6	5.164E-01	4.364E-01	1.076E-01	3.757E-01	0.069	8.142E+00
am2m	AF-Q58313-F1-model_v6	7.093E-01	2.302E-01	3.377E-02	2.908E-01	0.069	8.672E+00
am2m	AF-A6ZME2-F1-model_v6	4.817E-01	4.067E-01	7.269E-02	3.788E-01	0.069	7.178E+00
am2m	AF-Q9GYW4-F1-model_v6	5.734E-01	2.927E-01	2.293E-02	3.077E-01	0.069	6.740E+00
am2m	AF-Q94F20-F1-model_v6	4.391E-01	2.355E-01	6.505E-02	2.224E-01	0.063	2.036E+00
am2m	AF-Q9SSB7-F1-model_v6	4.375E-01	2.529E-01	7.127E-02	2.332E-01	0.063	2.168E+00
am2m	AF-Q80U16-3-F1-model_v6	6.778E-01	2.094E-01	5.181E-02	2.598E-01	0.063	8.142E+00
am2m	AF-Q51342-F1-model_v6	4.875E-01	4.083E-01	1.009E-01	3.767E-01	0.063	7.645E+00
am2m	AF-Q4J6D9-F1-model_v6	4.923E-01	4.294E-01	9.383E-02	4.011E-01	0.063	9.236E+00
am2m	AF-F2YMG0-F1-model_v6	4.378E-01	2.941E-01	6.459E-02	3.791E-01	0.063	7.178E+00
am2m	AF-Q6ZS17-F1-model_v6	5.487E-01	2.244E-01	1.902E-02	2.703E-01	0.063	5.239E+00
am2m	AF-Q6ZS17-4-F1-model_v6	5.412E-01	2.235E-01	1.877E-02	2.698E-01	0.063	5.239E+00
am2m	AF-P0AD51-F1-model_v6	4.723E-01	3.772E-01	3.177E-01	3.765E-01	0.057	9.236E+00
am2m	AF-P0AD49-F1-model_v6	4.723E-01	3.773E-01	3.178E-01	3.760E-01	0.057	9.236E+00
am2m	AF-B5BGI2-F1-model_v6	5.113E-01	2.221E-01	1.462E-01	2.757E-01	0.057	5.239E+00
am2m	AF-A6TEH3-F1-model_v6	5.168E-01	2.231E-01	1.466E-01	2.776E-01	0.057	5.942E+00
am2m	AF-B4TWC4-F1-model_v6	5.092E-01	2.235E-01	1.465E-01	2.758E-01	0.057	5.239E+00
am2m	AF-Q9LYE7-F1-model_v6	4.340E-01	2.271E-01	6.324E-02	2.169E-01	0.057	2.036E+00
am2m	AF-O22940-F1-model_v6	4.319E-01	2.642E-01	7.993E-02	2.472E-01	0.057	2.790E+00
am2m	AF-Q4U5S1-F1-model_v6	3.399E-01	3.096E-01	9.870E-02	2.959E-01	0.057	2.790E+00
am2m	AF-Q03249-F1-model_v6	3.373E-01	2.791E-01	8.539E-02	2.752E-01	0.057	2.036E+00
am2m	AF-Q7SAP7-F1-model_v6	2.384E-01	2.326E-01	8.052E-02	2.642E-01	0.057	6.550E-01
am2m	AF-Q96MK2-2-F1-model_v6	6.508E-01	2.078E-01	3.317E-02	2.589E-01	0.057	8.142E+00
am2m	AF-Q81VN5-F1-model_v6	4.506E-01	3.755E-01	8.234E-02	3.656E-01	0.057	8.142E+00
am2m	AF-Q5WLG7-F1-model_v6	4.526E-01	3.774E-01	8.676E-02	3.710E-01	0.057	8.142E+00
am2m	AF-Q9ABV2-F1-model_v6	4.465E-01	3.494E-01	7.331E-02	3.349E-01	0.057	6.329E+00
am2m	AF-Q5EB20-F1-model_v6	6.899E-01	2.069E-01	2.021E-02	2.609E-01	0.057	9.236E+00
am2m	AF-B4TIZ3-F1-model_v6	5.111E-01	2.238E-01	1.466E-01	2.778E-01	0.051	7.178E+00
am2m	AF-A9N716-F1-model_v6	5.130E-01	2.242E-01	1.468E-01	2.749E-01	0.051	7.178E+00
am2m	AF-B4T6Y5-F1-model_v6	5.145E-01	2.240E-01	1.473E-01	2.764E-01	0.051	7.178E+00
am2m	AF-P60821-F1-model_v6	5.106E-01	2.238E-01	1.466E-01	2.761E-01	0.051	7.178E+00
am2m	AF-Q8S3N1-2-F1-model_v6	4.653E-01	3.252E-01	1.586E-01	3.249E-01	0.051	7.178E+00
am2m	AF-A0A061FMF5-F1-model_v6	4.188E-01	3.327E-01	1.065E-01	2.929E-01	0.051	5.239E+00
am2m	AF-Q80U16-4-F1-model_v6	6.793E-01	2.096E-01	5.198E-02	2.619E-01	0.051	9.837E+00
am2m	AF-P58297-F1-model_v6	3.229E-01	2.363E-01	6.879E-02	2.247E-01	0.051	1.395E+00
am2m	AF-Q8Z0C0-F1-model_v6	4.361E-01	2.022E-01	3.865E-02	2.470E-01	0.051	3.370E+00
am2m	AF-Q9Y4F9-2-F1-model_v6	6.602E-01	2.063E-01	3.320E-02	2.585E-01	0.051	9.837E+00
am2m	AF-Q65P46-F1-model_v6	4.314E-01	3.277E-01	7.586E-02	3.161E-01	0.051	6.329E+00
am2m	AF-Q9Y4F9-F1-model_v6	6.561E-01	2.062E-01	1.850E-02	2.597E-01	0.051	9.837E+00
am2m	AF-Q80U16-F1-model_v6	6.589E-01	2.060E-01	1.832E-02	2.626E-01	0.051	9.837E+00
am2m	AF-Q57835-F1-model_v6	4.851E-01	2.238E-01	1.605E-01	2.275E-01	0.045	4.336E+00
am2m	AF-P67763-F1-model_v6	4.921E-01	2.210E-01	1.439E-01	2.679E-01	0.045	6.329E+00
am2m	AF-B5XSY9-F1-model_v6	5.191E-01	2.234E-01	1.463E-01	2.758E-01	0.045	8.142E+00
am2m	AF-O65469-F1-model_v6	3.123E-01	2.997E-01	1.428E-01	3.481E-01	0.045	4.919E+00
am2m	AF-Q8LAR0-2-F1-model_v6	4.425E-01	2.364E-01	7.328E-02	2.226E-01	0.045	3.823E+00
am2m	AF-Q9STN8-F1-model_v6	4.210E-01	3.232E-01	1.265E-01	3.302E-01	0.045	8.142E+00
am2m	AF-P43424-F1-model_v6	3.368E-01	2.787E-01	8.533E-02	2.753E-01	0.045	3.370E+00
am2m	AF-Q9KQ63-F1-model_v6	3.526E-01	2.958E-01	5.862E-02	3.226E-01	0.045	4.919E+00
am2m	AF-Q80U16-2-F1-model_v6	6.338E-01	2.052E-01	2.921E-02	2.609E-01	0.045	9.837E+00
am2m	AF-Q7MZ10-F1-model_v6	5.006E-01	2.243E-01	1.502E-01	2.690E-01	0.040	9.236E+00
am2m	AF-Q66F34-F1-model_v6	5.191E-01	2.027E-01	1.334E-01	2.682E-01	0.040	8.672E+00
am2m	AF-B5F6S3-F1-model_v6	5.097E-01	2.237E-01	1.465E-01	2.757E-01	0.040	9.837E+00
am2m	AF-B5REM0-F1-model_v6	5.180E-01	2.245E-01	1.468E-01	2.777E-01	0.040	9.837E+00
am2m	AF-Q5PL88-F1-model_v6	5.111E-01	2.244E-01	1.470E-01	2.774E-01	0.040	9.837E+00
am2m	AF-Q57JJ5-F1-model_v6	5.151E-01	2.238E-01	1.466E-01	2.769E-01	0.040	9.837E+00
am2m	AF-P60822-F1-model_v6	5.105E-01	2.238E-01	1.466E-01	2.774E-01	0.040	9.837E+00
am2m	AF-A1JIZ7-F1-model_v6	5.181E-01	2.031E-01	1.327E-01	2.676E-01	0.040	9.236E+00
am2m	AF-P39667-F1-model_v6	2.933E-01	2.802E-01	1.896E-01	2.910E-01	0.040	2.971E+00
am2m	AF-O28310-F1-model_v6	2.586E-01	2.088E-01	1.259E-01	2.640E-01	0.040	1.582E+00
am2m	AF-A1WVQ5-F1-model_v6	4.128E-01	2.183E-01	1.053E-01	2.852E-01	0.040	6.740E+00
am2m	AF-Q68WY7-F1-model_v6	3.803E-01	2.591E-01	8.815E-02	3.112E-01	0.040	7.178E+00
am2m	AF-P31764-F1-model_v6	3.607E-01	3.042E-01	1.068E-01	3.141E-01	0.040	5.942E+00
am2m	AF-Q9VMA2-F1-model_v6	4.386E-01	2.968E-01	1.013E-01	3.120E-01	0.040	8.142E+00
am2m	AF-Q9AVJ9-F1-model_v6	3.293E-01	3.031E-01	9.695E-02	2.874E-01	0.040	4.072E+00
am2m	AF-Q9AVK1-F1-model_v6	3.206E-01	3.089E-01	1.018E-01	3.109E-01	0.040	4.919E+00
am2m	AF-P17046-F1-model_v6	5.090E-01	2.120E-01	5.351E-02	2.671E-01	0.040	8.672E+00
am2m	AF-Q8YNW5-F1-model_v6	3.427E-01	2.199E-01	4.576E-02	2.517E-01	0.040	3.590E+00
am2m	AF-Q6LWM9-F1-model_v6	4.042E-01	3.359E-01	8.297E-02	3.384E-01	0.040	8.142E+00
am2m	AF-Q67T12-F1-model_v6	4.588E-01	3.280E-01	6.302E-02	3.118E-01	0.040	9.837E+00
am2m	AF-P47298-F1-model_v6	3.459E-01	2.799E-01	2.174E-01	3.106E-01	0.034	6.329E+00
am2m	AF-P75051-F1-model_v6	3.122E-01	2.556E-01	1.890E-01	3.133E-01	0.034	5.579E+00
am2m	AF-Q9AVL9-F1-model_v6	3.209E-01	3.107E-01	9.689E-02	3.047E-01	0.034	5.579E+00
am2m	AF-Q29RJ0-F1-model_v6	3.199E-01	2.768E-01	8.098E-02	2.517E-01	0.034	3.165E+00
am2m	AF-O80568-F1-model_v6	4.785E-01	2.282E-01	4.733E-02	2.717E-01	0.034	8.672E+00
am2m	AF-O06291-F1-model_v6	5.100E-01	2.013E-01	3.558E-02	2.531E-01	0.034	8.672E+00
am2m	AF-A0A061FTC2-F1-model_v6	4.092E-01	3.407E-01	1.076E-01	2.720E-01	0.029	8.142E+00
am2m	AF-A0A096VHZ6-F1-model_v6	3.334E-01	3.221E-01	1.026E-01	3.013E-01	0.029	6.329E+00
am2m	AF-A0A096VHZ1-F1-model_v6	3.333E-01	3.219E-01	1.026E-01	3.009E-01	0.029	6.329E+00
am2m	AF-Q8NHQ8-2-F1-model_v6	4.524E-01	2.433E-01	6.808E-02	2.494E-01	0.029	9.236E+00
am2m	AF-Q8J0G0-F1-model_v6	3.789E-01	2.473E-01	7.699E-02	2.736E-01	0.029	7.178E+00
am2m	AF-P24216-F1-model_v6	2.744E-01	2.010E-01	6.292E-02	2.112E-01	0.029	1.912E+00
am2m	AF-A0A0U5GQ05-F1-model_v6	2.276E-01	2.233E-01	7.485E-02	2.862E-01	0.029	2.309E+00
am2m	AF-Q56705-F1-model_v6	3.922E-01	2.840E-01	5.364E-02	2.744E-01	0.029	8.142E+00
am2m	AF-Q54GU4-F1-model_v6	4.744E-01	1.981E-01	1.903E-02	2.595E-01	0.029	9.837E+00
am2m	AF-A8G928-F1-model_v6	4.554E-01	2.030E-01	1.358E-01	2.483E-01	0.024	9.837E+00
am2m	AF-Q9P7D6-F1-model_v6	3.252E-01	2.854E-01	1.733E-01	2.773E-01	0.024	6.329E+00
am2m	AF-Q84JL3-F1-model_v6	3.782E-01	2.480E-01	8.039E-02	2.629E-01	0.024	7.645E+00
am2m	AF-P09148-F1-model_v6	3.756E-01	2.813E-01	9.740E-02	2.913E-01	0.024	9.837E+00
am2m	AF-Q02833-F1-model_v6	3.348E-01	2.561E-01	7.738E-02	2.543E-01	0.024	6.329E+00
am2m	AF-A9A3K1-F1-model_v6	3.607E-01	1.930E-01	3.605E-02	2.569E-01	0.024	7.645E+00
am2m	AF-P0AFZ1-F1-model_v6	1.983E-01	1.726E-01	1.104E-01	2.930E-01	0.020	3.370E+00
am2m	AF-Q0HNY3-F1-model_v6	2.334E-01	2.319E-01	1.057E-01	2.777E-01	0.020	4.618E+00
am2m	AF-Q02833-2-F1-model_v6	3.338E-01	2.556E-01	8.408E-02	2.551E-01	0.020	7.178E+00
am2m	AF-P22714-F1-model_v6	3.457E-01	2.752E-01	9.685E-02	2.975E-01	0.020	9.837E+00
am2m	AF-Q9DD19-F1-model_v6	3.226E-01	2.559E-01	7.924E-02	2.738E-01	0.020	7.645E+00
am2m	AF-Q84JI0-F1-model_v6	3.087E-01	3.036E-01	8.747E-02	3.085E-01	0.020	9.837E+00
am2m	AF-Q28SE8-F1-model_v6	3.040E-01	1.919E-01	1.033E-01	2.164E-01	0.016	4.919E+00
am2m	AF-Q980T4-F1-model_v6	2.559E-01	1.963E-01	1.012E-01	2.484E-01	0.016	5.239E+00
am2m	AF-P0AFZ2-F1-model_v6	1.968E-01	1.715E-01	1.102E-01	2.922E-01	0.016	4.618E+00
am2m	AF-A4YBE6-F1-model_v6	2.526E-01	2.224E-01	8.649E-02	2.649E-01	0.016	5.942E+00
am2m	AF-Q02833-3-F1-model_v6	3.318E-01	2.535E-01	8.922E-02	2.557E-01	0.016	9.837E+00
am2m	AF-B9DN19-F1-model_v6	2.627E-01	1.984E-01	7.997E-02	3.120E-01	0.016	8.672E+00
am2m	AF-Q56185-F1-model_v6	3.412E-01	2.004E-01	9.622E-02	2.208E-01	0.014	8.672E+00
am2m	AF-A9NF20-F1-model_v6	2.238E-01	2.091E-01	8.073E-02	3.098E-01	0.014	7.645E+00
am2m	AF-Q83HT7-F1-model_v6	2.282E-01	1.930E-01	7.674E-02	3.002E-01	0.014	7.178E+00
am2m	AF-Q8VYH0-F1-model_v6	2.743E-01	2.059E-01	4.170E-02	2.647E-01	0.014	8.672E+00
am2m	AF-Q9SS60-F1-model_v6	3.008E-01	1.825E-01	2.720E-02	2.485E-01	0.014	9.837E+00
am2m	AF-Q8YSZ1-F1-model_v6	2.384E-01	2.064E-01	1.223E-01	2.535E-01	0.011	8.142E+00
am2m	AF-A1RPC1-F1-model_v6	2.348E-01	2.313E-01	1.055E-01	2.788E-01	0.011	8.672E+00
am2m	AF-Q0I0F1-F1-model_v6	2.275E-01	2.235E-01	9.675E-02	2.647E-01	0.011	7.645E+00
am2m	AF-P21276-F1-model_v6	1.778E-01	1.567E-01	9.498E-02	2.702E-01	0.010	6.329E+00
am2m	AF-B2FKL6-F1-model_v6	1.744E-01	1.712E-01	8.537E-02	2.505E-01	0.010	5.239E+00
am2m	AF-P42701-2-F1-model_v6	2.870E-01	1.834E-01	3.909E-02	1.878E-01	0.009	9.236E+00
