xm2h	AF-Q5FSM8-F1-model_v6	6.169E-01	6.117E-01	1.996E-01	5.285E-01	1.000	1.081E-03
xm2h	AF-A3CSG3-F1-model_v6	5.656E-01	5.615E-01	1.922E-01	5.272E-01	1.000	1.229E-03
xm2h	AF-P75241-F1-model_v6	5.954E-01	5.819E-01	1.737E-01	5.282E-01	1.000	1.694E-03
xm2h	AF-Q4JB80-F1-model_v6	7.116E-01	6.991E-01	2.135E-01	6.388E-01	1.000	1.501E-02
xm2h	AF-Q3ZWB2-F1-model_v6	5.867E-01	5.712E-01	1.690E-01	5.120E-01	1.000	1.397E-03
xm2h	AF-A1WY69-F1-model_v6	5.601E-01	5.554E-01	1.841E-01	4.773E-01	1.000	9.506E-04
xm2h	AF-A5FSS1-F1-model_v6	5.865E-01	5.710E-01	1.689E-01	5.109E-01	1.000	1.926E-03
xm2h	AF-Q98LV1-F1-model_v6	5.482E-01	5.392E-01	1.528E-01	4.553E-01	1.000	7.842E-04
xm2h	AF-Q8FW50-F1-model_v6	5.648E-01	5.553E-01	1.515E-01	4.747E-01	1.000	1.229E-03
xm2h	AF-P63988-F1-model_v6	4.979E-01	4.938E-01	1.720E-01	4.871E-01	1.000	7.354E-04
xm2h	AF-Q8UJK7-F1-model_v6	5.526E-01	5.483E-01	1.884E-01	5.140E-01	1.000	2.053E-03
xm2h	AF-Q9UBT6-F1-model_v6	5.860E-01	5.761E-01	8.550E-02	5.294E-01	1.000	3.431E-03
xm2h	AF-Q8YC76-F1-model_v6	5.641E-01	5.547E-01	1.516E-01	4.752E-01	1.000	1.490E-03
xm2h	AF-Q92XH8-F1-model_v6	5.867E-01	5.771E-01	1.904E-01	4.734E-01	0.999	2.334E-03
xm2h	AF-Q71Y46-F1-model_v6	5.776E-01	5.680E-01	1.877E-01	4.847E-01	0.999	2.334E-03
xm2h	AF-Q8Y5T0-F1-model_v6	5.809E-01	5.714E-01	1.906E-01	4.851E-01	0.999	2.334E-03
xm2h	AF-Q5M2Y5-F1-model_v6	5.745E-01	5.703E-01	1.926E-01	5.156E-01	0.999	3.431E-03
xm2h	AF-P9WNT1-F1-model_v6	5.190E-01	5.148E-01	1.763E-01	5.160E-01	0.999	1.926E-03
xm2h	AF-Q9UBT6-8-F1-model_v6	5.505E-01	5.460E-01	9.449E-02	5.361E-01	0.999	3.658E-03
xm2h	AF-A4VZ21-F1-model_v6	5.904E-01	5.817E-01	1.990E-01	5.244E-01	0.999	5.376E-03
xm2h	AF-Q92A40-F1-model_v6	5.810E-01	5.715E-01	1.906E-01	4.846E-01	0.999	3.017E-03
xm2h	AF-C1KWR9-F1-model_v6	5.812E-01	5.717E-01	1.905E-01	4.863E-01	0.999	3.217E-03
xm2h	AF-Q3ZAI3-F1-model_v6	5.597E-01	5.457E-01	1.695E-01	5.090E-01	0.999	3.431E-03
xm2h	AF-A3DH61-F1-model_v6	5.156E-01	5.071E-01	1.577E-01	4.484E-01	0.999	8.916E-04
xm2h	AF-P9WNT0-F1-model_v6	4.982E-01	4.941E-01	1.721E-01	4.874E-01	0.999	1.490E-03
xm2h	AF-A0AK80-F1-model_v6	5.762E-01	5.715E-01	1.906E-01	4.842E-01	0.999	3.217E-03
xm2h	AF-P0DA79-F1-model_v6	5.155E-01	5.111E-01	1.653E-01	4.721E-01	0.999	1.490E-03
xm2h	AF-Q6A763-F1-model_v6	6.147E-01	5.992E-01	1.527E-01	5.198E-01	0.999	6.949E-03
xm2h	AF-Q974T8-F1-model_v6	6.516E-01	6.400E-01	1.991E-01	5.943E-01	0.998	2.069E-02
xm2h	AF-P0DA78-F1-model_v6	5.162E-01	5.117E-01	1.653E-01	4.723E-01	0.998	1.588E-03
xm2h	AF-Q49426-F1-model_v6	5.612E-01	5.541E-01	1.667E-01	4.983E-01	0.998	3.658E-03
xm2h	AF-Q0A4X2-F1-model_v6	5.498E-01	5.407E-01	1.806E-01	4.666E-01	0.998	2.489E-03
xm2h	AF-Q6G838-F1-model_v6	5.789E-01	5.640E-01	1.863E-01	4.974E-01	0.998	5.042E-03
xm2h	AF-Q64X95-F1-model_v6	4.816E-01	4.745E-01	1.648E-01	4.841E-01	0.998	1.490E-03
xm2h	AF-Q12Q05-F1-model_v6	5.225E-01	5.187E-01	1.847E-01	5.110E-01	0.998	3.900E-03
xm2h	AF-Q88V07-F1-model_v6	5.331E-01	5.245E-01	1.718E-01	4.711E-01	0.998	2.654E-03
xm2h	AF-A8MGJ5-F1-model_v6	5.456E-01	5.413E-01	1.741E-01	5.161E-01	0.998	5.042E-03
xm2h	AF-Q8UFV3-F1-model_v6	5.532E-01	5.441E-01	1.631E-01	4.638E-01	0.998	2.830E-03
xm2h	AF-Q7N7B6-F1-model_v6	5.734E-01	5.692E-01	1.974E-01	5.004E-01	0.997	6.112E-03
xm2h	AF-B8DBV7-F1-model_v6	5.300E-01	5.229E-01	1.771E-01	4.522E-01	0.997	2.189E-03
xm2h	AF-A9A3A9-F1-model_v6	5.448E-01	5.291E-01	1.814E-01	4.912E-01	0.997	4.435E-03
xm2h	AF-Q5XA48-F1-model_v6	5.055E-01	5.014E-01	1.682E-01	4.627E-01	0.997	1.926E-03
xm2h	AF-A5D243-F1-model_v6	5.543E-01	5.306E-01	1.567E-01	4.843E-01	0.997	4.435E-03
xm2h	AF-A4YEC1-F1-model_v6	6.233E-01	5.976E-01	1.956E-01	5.238E-01	0.997	1.408E-02
xm2h	AF-P63991-F1-model_v6	5.439E-01	5.318E-01	1.876E-01	4.974E-01	0.997	5.042E-03
xm2h	AF-Q4L7K8-F1-model_v6	5.487E-01	5.411E-01	1.893E-01	5.024E-01	0.997	5.376E-03
xm2h	AF-B2UKN1-F1-model_v6	5.377E-01	5.334E-01	1.847E-01	4.708E-01	0.997	3.658E-03
xm2h	AF-B1YK83-F1-model_v6	5.543E-01	5.416E-01	1.792E-01	4.881E-01	0.997	5.042E-03
xm2h	AF-Q48RJ4-F1-model_v6	5.027E-01	4.986E-01	1.677E-01	4.623E-01	0.997	2.053E-03
xm2h	AF-Q8TIW3-F1-model_v6	5.441E-01	5.223E-01	1.759E-01	4.871E-01	0.997	4.435E-03
xm2h	AF-Q3ABL2-F1-model_v6	4.929E-01	4.858E-01	1.586E-01	4.589E-01	0.997	1.694E-03
xm2h	AF-B8FBE8-F1-model_v6	5.430E-01	5.393E-01	1.755E-01	5.038E-01	0.997	5.732E-03
xm2h	AF-Q7USY7-F1-model_v6	5.418E-01	5.250E-01	1.633E-01	5.071E-01	0.997	5.376E-03
xm2h	AF-P34409-F1-model_v6	5.351E-01	5.308E-01	1.175E-01	4.709E-01	0.997	3.217E-03
xm2h	AF-P96022-F1-model_v6	6.432E-01	6.159E-01	1.923E-01	5.454E-01	0.996	2.206E-02
xm2h	AF-A5IU61-F1-model_v6	5.438E-01	5.317E-01	1.876E-01	4.972E-01	0.996	5.732E-03
xm2h	AF-A6QIC3-F1-model_v6	5.433E-01	5.313E-01	1.875E-01	4.970E-01	0.996	5.732E-03
xm2h	AF-B9DMT3-F1-model_v6	5.844E-01	5.745E-01	1.901E-01	5.052E-01	0.996	8.983E-03
xm2h	AF-Q1JF59-F1-model_v6	5.048E-01	5.006E-01	1.678E-01	4.628E-01	0.996	2.334E-03
xm2h	AF-A2RCQ1-F1-model_v6	5.050E-01	5.008E-01	1.682E-01	4.631E-01	0.996	2.334E-03
xm2h	AF-Q8NZI1-F1-model_v6	5.081E-01	5.043E-01	1.681E-01	4.651E-01	0.996	2.654E-03
xm2h	AF-Q1JK63-F1-model_v6	5.058E-01	5.017E-01	1.678E-01	4.636E-01	0.996	2.654E-03
xm2h	AF-Q02WA3-F1-model_v6	5.592E-01	5.547E-01	1.836E-01	5.082E-01	0.996	7.410E-03
xm2h	AF-Q92QM8-F1-model_v6	4.977E-01	4.943E-01	1.538E-01	4.801E-01	0.996	2.830E-03
xm2h	AF-A7X420-F1-model_v6	5.427E-01	5.307E-01	1.875E-01	4.970E-01	0.996	6.112E-03
xm2h	AF-A6U2Z9-F1-model_v6	5.523E-01	5.406E-01	1.884E-01	5.019E-01	0.996	7.410E-03
xm2h	AF-Q5HN39-F1-model_v6	5.529E-01	5.451E-01	1.907E-01	5.025E-01	0.996	7.901E-03
xm2h	AF-Q1JA16-F1-model_v6	5.054E-01	5.013E-01	1.677E-01	4.625E-01	0.996	2.654E-03
xm2h	AF-Q1J509-F1-model_v6	5.073E-01	5.036E-01	1.681E-01	4.649E-01	0.996	2.830E-03
xm2h	AF-Q97MB3-F1-model_v6	5.093E-01	4.879E-01	1.502E-01	4.536E-01	0.996	2.489E-03
xm2h	AF-Q6JDV7-2-F1-model_v6	5.269E-01	5.137E-01	1.559E-01	4.873E-01	0.996	5.042E-03
xm2h	AF-O42917-F1-model_v6	5.052E-01	4.861E-01	8.146E-02	4.590E-01	0.996	2.654E-03
xm2h	AF-Q8CNP3-F1-model_v6	5.512E-01	5.434E-01	1.902E-01	5.021E-01	0.995	7.901E-03
xm2h	AF-Q49YT9-F1-model_v6	5.539E-01	5.461E-01	1.907E-01	5.027E-01	0.995	8.424E-03
xm2h	AF-Q5HEM7-F1-model_v6	5.427E-01	5.307E-01	1.876E-01	4.979E-01	0.995	6.949E-03
xm2h	AF-Q03J54-F1-model_v6	5.464E-01	5.420E-01	1.784E-01	4.779E-01	0.995	6.112E-03
xm2h	AF-Q8DVR7-F1-model_v6	4.681E-01	4.609E-01	1.599E-01	4.488E-01	0.995	1.588E-03
xm2h	AF-P58963-F1-model_v6	5.809E-01	5.763E-01	2.072E-01	5.038E-01	0.994	1.320E-02
xm2h	AF-Q1CLD4-F1-model_v6	6.034E-01	5.986E-01	1.986E-01	5.055E-01	0.994	1.501E-02
xm2h	AF-P63992-F1-model_v6	5.432E-01	5.311E-01	1.875E-01	4.981E-01	0.994	7.901E-03
xm2h	AF-A8H771-F1-model_v6	5.063E-01	5.027E-01	1.807E-01	4.677E-01	0.994	4.159E-03
xm2h	AF-Q0SSQ2-F1-model_v6	4.943E-01	4.902E-01	1.668E-01	4.492E-01	0.994	2.830E-03
xm2h	AF-Q73P36-F1-model_v6	5.127E-01	5.059E-01	1.607E-01	4.615E-01	0.994	4.159E-03
xm2h	AF-P34409-2-F1-model_v6	5.377E-01	5.334E-01	1.462E-01	4.736E-01	0.994	6.112E-03
xm2h	AF-O94623-F1-model_v6	5.414E-01	5.336E-01	7.953E-02	5.003E-01	0.994	8.424E-03
xm2h	AF-Q6KZW2-F1-model_v6	5.350E-01	5.309E-01	1.956E-01	5.307E-01	0.993	1.161E-02
xm2h	AF-A7MEN4-F1-model_v6	5.754E-01	5.709E-01	1.966E-01	5.040E-01	0.993	1.408E-02
xm2h	AF-Q8XK37-F1-model_v6	4.986E-01	4.903E-01	1.666E-01	4.492E-01	0.993	3.431E-03
xm2h	AF-Q99Y66-F1-model_v6	5.081E-01	5.039E-01	1.678E-01	4.639E-01	0.993	4.159E-03
xm2h	AF-Q8E3I8-F1-model_v6	5.090E-01	5.048E-01	1.694E-01	4.740E-01	0.993	4.728E-03
xm2h	AF-Q9AK82-F1-model_v6	4.999E-01	4.874E-01	1.299E-01	4.427E-01	0.993	3.017E-03
xm2h	AF-A0KHD5-F1-model_v6	5.351E-01	5.308E-01	1.842E-01	4.758E-01	0.992	7.410E-03
xm2h	AF-A9MNS1-F1-model_v6	5.951E-01	5.904E-01	1.991E-01	5.035E-01	0.992	1.706E-02
xm2h	AF-A8AKQ2-F1-model_v6	5.912E-01	5.866E-01	1.988E-01	5.069E-01	0.992	1.706E-02
xm2h	AF-B4SIF5-F1-model_v6	5.582E-01	5.535E-01	1.848E-01	5.098E-01	0.992	1.408E-02
xm2h	AF-Q8PGJ4-F1-model_v6	5.179E-01	5.080E-01	1.775E-01	4.692E-01	0.992	6.112E-03
xm2h	AF-Q0TQ38-F1-model_v6	4.971E-01	4.889E-01	1.674E-01	4.580E-01	0.992	4.159E-03
xm2h	AF-A2RNH9-F1-model_v6	5.180E-01	5.055E-01	1.686E-01	4.713E-01	0.992	6.112E-03
xm2h	AF-Q3JZG9-F1-model_v6	5.236E-01	5.209E-01	1.733E-01	4.727E-01	0.992	6.949E-03
xm2h	AF-B1ZN03-F1-model_v6	5.756E-01	5.708E-01	1.745E-01	4.968E-01	0.992	1.408E-02
xm2h	AF-A3EWL3-2-F1-model_v6	5.133E-01	5.058E-01	6.531E-02	4.569E-01	0.992	5.042E-03
xm2h	AF-Q1C4D9-F1-model_v6	5.687E-01	5.645E-01	1.956E-01	4.904E-01	0.991	1.408E-02
xm2h	AF-Q66DZ7-F1-model_v6	5.695E-01	5.653E-01	1.962E-01	4.959E-01	0.991	1.501E-02
xm2h	AF-Q6GFG2-F1-model_v6	5.441E-01	5.320E-01	1.877E-01	4.981E-01	0.991	1.161E-02
xm2h	AF-P58964-F1-model_v6	5.530E-01	5.412E-01	1.886E-01	5.022E-01	0.991	1.408E-02
xm2h	AF-Q3BP42-F1-model_v6	5.142E-01	5.105E-01	1.803E-01	4.775E-01	0.991	6.949E-03
xm2h	AF-Q67QM6-F1-model_v6	5.501E-01	5.454E-01	1.762E-01	4.465E-01	0.991	7.410E-03
xm2h	AF-Q9CE21-F1-model_v6	5.362E-01	5.273E-01	1.764E-01	4.944E-01	0.991	1.089E-02
xm2h	AF-Q18A91-F1-model_v6	5.492E-01	5.355E-01	1.745E-01	4.785E-01	0.991	1.021E-02
xm2h	AF-P54545-F1-model_v6	5.534E-01	5.490E-01	1.611E-01	5.061E-01	0.991	1.501E-02
xm2h	AF-Q6JDV7-3-F1-model_v6	5.395E-01	5.177E-01	9.985E-02	4.580E-01	0.991	7.901E-03
xm2h	AF-A7ZHZ2-F1-model_v6	5.917E-01	5.871E-01	1.989E-01	5.058E-01	0.990	2.352E-02
xm2h	AF-Q1RFU0-F1-model_v6	5.923E-01	5.877E-01	1.989E-01	5.071E-01	0.990	2.206E-02
xm2h	AF-Q0TL85-F1-model_v6	5.920E-01	5.874E-01	1.990E-01	5.064E-01	0.990	2.206E-02
xm2h	AF-A4TPK8-F1-model_v6	5.676E-01	5.635E-01	1.957E-01	4.906E-01	0.990	1.501E-02
xm2h	AF-Q8ZBZ9-F1-model_v6	5.689E-01	5.647E-01	1.957E-01	4.918E-01	0.990	1.600E-02
xm2h	AF-A8GAC8-F1-model_v6	5.774E-01	5.728E-01	1.958E-01	5.004E-01	0.990	1.940E-02
xm2h	AF-A5F5Y1-F1-model_v6	5.803E-01	5.756E-01	1.883E-01	5.160E-01	0.990	2.206E-02
xm2h	AF-Q8DXW9-F1-model_v6	5.120E-01	5.096E-01	1.692E-01	4.703E-01	0.990	6.949E-03
xm2h	AF-Q8PYH6-F1-model_v6	5.291E-01	5.106E-01	1.772E-01	4.826E-01	0.990	1.021E-02
xm2h	AF-O74944-F1-model_v6	4.818E-01	4.742E-01	1.166E-01	4.624E-01	0.990	5.042E-03
xm2h	AF-Q9QUG2-2-F1-model_v6	5.357E-01	5.313E-01	1.006E-01	5.438E-01	0.990	2.069E-02
xm2h	AF-Q83M86-F1-model_v6	5.924E-01	5.877E-01	1.990E-01	5.072E-01	0.988	2.674E-02
xm2h	AF-Q3Z5A4-F1-model_v6	5.922E-01	5.876E-01	1.990E-01	5.067E-01	0.988	2.674E-02
xm2h	AF-B1J100-F1-model_v6	5.927E-01	5.881E-01	1.990E-01	5.064E-01	0.988	2.674E-02
xm2h	AF-A7ZWJ6-F1-model_v6	5.921E-01	5.875E-01	1.989E-01	5.057E-01	0.988	2.508E-02
xm2h	AF-Q32J17-F1-model_v6	5.923E-01	5.877E-01	1.990E-01	5.075E-01	0.988	2.674E-02
xm2h	AF-A1U339-F1-model_v6	5.117E-01	5.081E-01	1.838E-01	4.721E-01	0.988	8.424E-03
xm2h	AF-O31990-F1-model_v6	5.688E-01	5.546E-01	1.606E-01	4.846E-01	0.988	1.600E-02
xm2h	AF-Q6MA55-F1-model_v6	5.607E-01	5.471E-01	1.840E-01	4.862E-01	0.986	1.819E-02
xm2h	AF-P59477-F1-model_v6	5.923E-01	5.877E-01	1.990E-01	5.060E-01	0.986	2.851E-02
xm2h	AF-Q47155-F1-model_v6	5.922E-01	5.876E-01	1.990E-01	5.058E-01	0.986	2.851E-02
xm2h	AF-A1A7U2-F1-model_v6	5.926E-01	5.880E-01	1.990E-01	5.063E-01	0.986	3.040E-02
xm2h	AF-A7FLI9-F1-model_v6	5.775E-01	5.732E-01	1.974E-01	4.995E-01	0.986	2.352E-02
xm2h	AF-Q15YP8-F1-model_v6	5.173E-01	5.133E-01	1.769E-01	4.889E-01	0.986	1.238E-02
xm2h	AF-A8FYV3-F1-model_v6	4.951E-01	4.914E-01	1.731E-01	4.512E-01	0.986	6.112E-03
xm2h	AF-B2FLR2-F1-model_v6	5.065E-01	4.950E-01	1.730E-01	4.862E-01	0.986	1.089E-02
xm2h	AF-Q8EQ56-F1-model_v6	4.957E-01	4.919E-01	1.534E-01	4.825E-01	0.986	9.578E-03
xm2h	AF-Q8X7Q1-F1-model_v6	5.923E-01	5.877E-01	1.990E-01	5.062E-01	0.984	3.242E-02
xm2h	AF-A4W6W8-F1-model_v6	5.669E-01	5.625E-01	1.953E-01	5.001E-01	0.984	2.508E-02
xm2h	AF-Q87MB4-F1-model_v6	5.646E-01	5.605E-01	1.930E-01	4.980E-01	0.984	2.352E-02
xm2h	AF-A3QGY9-F1-model_v6	4.988E-01	4.949E-01	1.734E-01	4.560E-01	0.984	7.901E-03
xm2h	AF-Q5PF76-F1-model_v6	5.714E-01	5.671E-01	1.923E-01	4.861E-01	0.981	2.508E-02
xm2h	AF-Q5F8N2-F1-model_v6	4.948E-01	4.837E-01	1.808E-01	4.665E-01	0.981	9.578E-03
xm2h	AF-Q8DQZ7-F1-model_v6	5.331E-01	5.129E-01	1.767E-01	4.641E-01	0.981	1.408E-02
xm2h	AF-Q04M21-F1-model_v6	5.331E-01	5.130E-01	1.767E-01	4.650E-01	0.981	1.408E-02
xm2h	AF-Q9CNG4-F1-model_v6	5.078E-01	5.042E-01	1.809E-01	4.983E-01	0.981	1.501E-02
xm2h	AF-C3LQ59-F1-model_v6	5.739E-01	5.693E-01	1.874E-01	5.016E-01	0.981	2.851E-02
xm2h	AF-Q9KPS5-F1-model_v6	5.768E-01	5.722E-01	1.878E-01	5.030E-01	0.981	3.040E-02
xm2h	AF-Q5LYC2-F1-model_v6	4.734E-01	4.699E-01	1.675E-01	4.384E-01	0.981	5.732E-03
xm2h	AF-Q98JM5-F1-model_v6	5.314E-01	5.279E-01	1.679E-01	5.429E-01	0.981	3.040E-02
xm2h	AF-P63989-F1-model_v6	5.075E-01	5.036E-01	1.806E-01	4.817E-01	0.978	1.600E-02
xm2h	AF-Q72MY7-F1-model_v6	5.648E-01	5.561E-01	1.843E-01	4.964E-01	0.978	2.851E-02
xm2h	AF-B1KD33-F1-model_v6	5.033E-01	4.997E-01	1.791E-01	4.669E-01	0.978	1.320E-02
xm2h	AF-Q9HQT4-F1-model_v6	5.672E-01	5.423E-01	1.560E-01	4.881E-01	0.978	2.674E-02
xm2h	AF-A7Z6F3-F1-model_v6	4.904E-01	4.863E-01	1.489E-01	4.577E-01	0.978	9.578E-03
xm2h	AF-Q97W02-F1-model_v6	5.306E-01	5.179E-01	1.852E-01	5.206E-01	0.975	3.242E-02
xm2h	AF-Q6D1H8-F1-model_v6	5.711E-01	5.669E-01	1.954E-01	4.854E-01	0.975	3.242E-02
xm2h	AF-Q97SC7-F1-model_v6	5.269E-01	5.054E-01	1.720E-01	4.647E-01	0.975	1.706E-02
xm2h	AF-A3CKU4-F1-model_v6	4.976E-01	4.935E-01	1.676E-01	4.583E-01	0.975	1.161E-02
xm2h	AF-Q6AL48-F1-model_v6	4.497E-01	4.457E-01	1.496E-01	4.237E-01	0.975	4.728E-03
xm2h	AF-Q2RJ46-F1-model_v6	4.908E-01	4.747E-01	1.481E-01	4.657E-01	0.975	1.238E-02
xm2h	AF-B0R4P0-F1-model_v6	5.672E-01	5.423E-01	1.560E-01	4.896E-01	0.975	3.242E-02
xm2h	AF-A1JNY3-F1-model_v6	5.714E-01	5.672E-01	1.970E-01	5.009E-01	0.971	4.190E-02
xm2h	AF-A1KUQ3-F1-model_v6	4.502E-01	4.400E-01	1.641E-01	4.234E-01	0.967	5.732E-03
xm2h	AF-A8AUV7-F1-model_v6	4.968E-01	4.927E-01	1.676E-01	4.545E-01	0.967	1.600E-02
xm2h	AF-B2U3S3-F1-model_v6	5.794E-01	5.749E-01	1.955E-01	5.032E-01	0.967	5.080E-02
xm2h	AF-B5ZBT4-F1-model_v6	4.973E-01	4.812E-01	1.608E-01	4.498E-01	0.967	1.501E-02
xm2h	AF-P58965-F1-model_v6	4.863E-01	4.754E-01	1.677E-01	4.715E-01	0.967	1.600E-02
xm2h	AF-Q635E0-F1-model_v6	5.526E-01	5.435E-01	1.587E-01	4.741E-01	0.967	3.242E-02
xm2h	AF-Q98NW7-F1-model_v6	5.013E-01	4.811E-01	1.638E-01	4.322E-01	0.961	1.320E-02
xm2h	AF-A5N2U5-F1-model_v6	4.961E-01	4.922E-01	1.548E-01	4.731E-01	0.961	2.069E-02
xm2h	AF-Q9A5I1-F1-model_v6	5.050E-01	4.842E-01	1.502E-01	4.423E-01	0.961	1.706E-02
xm2h	AF-P63990-F1-model_v6	5.069E-01	5.030E-01	1.805E-01	4.803E-01	0.956	3.040E-02
xm2h	AF-Q57SU1-F1-model_v6	5.020E-01	4.981E-01	1.803E-01	4.820E-01	0.956	2.851E-02
xm2h	AF-A3D147-F1-model_v6	4.643E-01	4.608E-01	1.717E-01	4.536E-01	0.956	1.320E-02
xm2h	AF-P54560-F1-model_v6	4.827E-01	4.711E-01	1.465E-01	4.384E-01	0.956	1.501E-02
xm2h	AF-A9MY13-F1-model_v6	5.074E-01	5.035E-01	1.806E-01	4.814E-01	0.949	3.456E-02
xm2h	AF-Q9JRG1-F1-model_v6	4.513E-01	4.411E-01	1.642E-01	4.262E-01	0.949	9.578E-03
xm2h	AF-Q81M86-F1-model_v6	5.247E-01	5.161E-01	1.528E-01	4.482E-01	0.949	2.851E-02
xm2h	AF-A6W1V6-F1-model_v6	5.134E-01	5.096E-01	1.849E-01	4.544E-01	0.941	2.851E-02
xm2h	AF-B8F542-F1-model_v6	4.722E-01	4.688E-01	1.725E-01	4.775E-01	0.941	2.508E-02
xm2h	AF-B0BPX9-F1-model_v6	4.827E-01	4.760E-01	1.751E-01	5.017E-01	0.941	3.456E-02
xm2h	AF-Q8PCW8-F1-model_v6	4.363E-01	4.331E-01	1.610E-01	4.336E-01	0.941	1.021E-02
xm2h	AF-Q4UQI2-F1-model_v6	4.368E-01	4.355E-01	1.603E-01	4.346E-01	0.941	1.021E-02
xm2h	AF-Q2P7M9-F1-model_v6	4.480E-01	4.442E-01	1.611E-01	4.349E-01	0.941	1.161E-02
xm2h	AF-Q8PT42-F1-model_v6	4.837E-01	4.798E-01	1.609E-01	4.633E-01	0.941	2.508E-02
xm2h	AF-P18642-F1-model_v6	4.836E-01	4.656E-01	1.430E-01	4.447E-01	0.933	2.508E-02
xm2h	AF-A3N148-F1-model_v6	4.919E-01	4.781E-01	1.738E-01	4.787E-01	0.912	4.764E-02
xm2h	AF-Q9K9A8-F1-model_v6	5.169E-01	5.083E-01	1.516E-01	4.546E-01	0.900	5.080E-02
xm2h	AF-Q9VNX1-F1-model_v6	4.195E-01	4.090E-01	7.017E-02	4.135E-01	0.900	1.161E-02
xm2h	AF-P22374-F1-model_v6	5.150E-01	5.071E-01	6.273E-02	4.832E-01	0.900	7.001E-02
xm2h	AF-Q8REB0-F1-model_v6	4.881E-01	4.844E-01	1.736E-01	4.384E-01	0.887	4.190E-02
xm2h	AF-Q7MID6-F1-model_v6	5.359E-01	5.316E-01	1.843E-01	4.896E-01	0.887	9.650E-02
xm2h	AF-Q8DBI7-F1-model_v6	5.367E-01	5.327E-01	1.880E-01	4.906E-01	0.872	1.097E-01
xm2h	AF-B1AJ79-F1-model_v6	4.767E-01	4.624E-01	1.635E-01	4.186E-01	0.872	3.456E-02
xm2h	AF-Q9PQ53-F1-model_v6	4.774E-01	4.631E-01	1.636E-01	4.195E-01	0.872	3.456E-02
xm2h	AF-Q9KCU7-F1-model_v6	5.245E-01	5.110E-01	1.480E-01	4.634E-01	0.872	7.960E-02
xm2h	AF-Q818U9-F1-model_v6	5.242E-01	5.155E-01	1.516E-01	4.460E-01	0.855	7.465E-02
xm2h	AF-P22494-F1-model_v6	4.781E-01	4.622E-01	1.354E-01	3.927E-01	0.837	3.456E-02
xm2h	AF-Q65TG8-F1-model_v6	5.670E-01	5.483E-01	1.829E-01	4.815E-01	0.795	2.222E-01
xm2h	AF-A2P2R3-F1-model_v6	4.639E-01	4.561E-01	1.992E-01	4.062E-01	0.747	5.775E-02
xm2h	AF-O27944-F1-model_v6	5.913E-01	5.121E-01	9.872E-02	4.567E-01	0.663	3.959E-01
xm2h	AF-Q9A3J2-F1-model_v6	4.983E-01	4.910E-01	1.405E-01	4.515E-01	0.632	2.370E-01
xm2h	AF-B8H428-F1-model_v6	4.988E-01	4.916E-01	1.405E-01	4.523E-01	0.569	2.873E-01
xm2h	AF-Q981C9-F1-model_v6	6.341E-01	5.855E-01	1.417E-01	4.989E-01	0.411	1.524E+00
xm2h	AF-Q7Z3T8-F1-model_v6	3.295E-01	2.809E-01	3.469E-02	4.329E-01	0.382	1.330E-01
xm2h	AF-Q80U44-F1-model_v6	3.079E-01	2.739E-01	3.384E-02	4.076E-01	0.353	9.650E-02
xm2h	AF-Q8TDR2-F1-model_v6	3.757E-01	3.590E-01	9.365E-02	3.706E-01	0.326	1.512E-01
xm2h	AF-Q47147-F1-model_v6	5.837E-01	5.420E-01	2.376E-01	5.101E-01	0.301	2.239E+00
xm2h	AF-Q8KG38-F1-model_v6	5.848E-01	5.229E-01	1.063E-01	4.585E-01	0.301	1.624E+00
xm2h	AF-Q58374-F1-model_v6	3.199E-01	3.045E-01	6.962E-02	3.330E-01	0.301	6.566E-02
xm2h	AF-Q57659-F1-model_v6	4.345E-01	3.380E-01	2.357E-01	3.298E-01	0.277	2.694E-01
xm2h	AF-Q9ZJ94-F1-model_v6	5.380E-01	4.783E-01	1.032E-01	4.212E-01	0.277	1.179E+00
xm2h	AF-Q9PMT4-F1-model_v6	6.014E-01	5.215E-01	1.065E-01	4.693E-01	0.277	2.100E+00
xm2h	AF-P09804-F1-model_v6	4.091E-01	3.921E-01	6.006E-02	3.628E-01	0.277	2.694E-01
xm2h	AF-Q81VN5-F1-model_v6	5.917E-01	4.954E-01	9.927E-02	4.234E-01	0.254	1.847E+00
xm2h	AF-Q11GV7-F1-model_v6	5.377E-01	5.068E-01	9.528E-02	4.287E-01	0.233	1.624E+00
xm2h	AF-Q8R8N9-F1-model_v6	4.890E-01	3.024E-01	7.976E-02	3.608E-01	0.214	8.551E-01
xm2h	AF-O26060-F1-model_v6	5.106E-01	4.414E-01	9.362E-02	3.931E-01	0.214	1.257E+00
xm2h	AF-Q9PH05-F1-model_v6	5.401E-01	4.588E-01	9.565E-02	4.268E-01	0.214	1.847E+00
xm2h	AF-P23325-F1-model_v6	5.323E-01	5.097E-01	8.980E-02	4.181E-01	0.214	1.732E+00
xm2h	AF-A0A6P2DWR2-F1-model_v6	5.244E-01	3.673E-01	1.197E-01	3.691E-01	0.196	1.340E+00
xm2h	AF-Q6HPL2-F1-model_v6	6.020E-01	5.217E-01	1.048E-01	4.493E-01	0.196	3.290E+00
xm2h	AF-Q5HE49-F1-model_v6	5.550E-01	4.879E-01	1.019E-01	4.487E-01	0.196	2.387E+00
xm2h	AF-P64227-F1-model_v6	5.547E-01	4.874E-01	1.019E-01	4.483E-01	0.196	2.387E+00
xm2h	AF-Q9PLA4-F1-model_v6	5.897E-01	5.109E-01	1.032E-01	4.456E-01	0.196	2.894E+00
xm2h	AF-Q8R841-F1-model_v6	5.883E-01	5.133E-01	1.033E-01	4.506E-01	0.196	2.894E+00
xm2h	AF-Q97MN6-F1-model_v6	5.786E-01	5.071E-01	1.037E-01	4.566E-01	0.196	2.894E+00
xm2h	AF-Q8WZ69-F1-model_v6	5.439E-01	4.392E-01	2.172E-01	3.909E-01	0.179	1.847E+00
xm2h	AF-Q80ZW0-F1-model_v6	3.527E-01	3.340E-01	9.745E-02	3.871E-01	0.179	5.457E-01
xm2h	AF-Q6G7F8-F1-model_v6	5.544E-01	4.874E-01	1.018E-01	4.476E-01	0.179	2.894E+00
xm2h	AF-Q87F28-F1-model_v6	5.414E-01	4.589E-01	9.563E-02	4.238E-01	0.179	2.387E+00
xm2h	AF-O95405-F1-model_v6	3.052E-01	2.699E-01	3.608E-02	4.054E-01	0.179	3.482E-01
xm2h	AF-F9VPA4-F1-model_v6	5.871E-01	5.261E-01	1.092E-01	4.767E-01	0.164	4.535E+00
xm2h	AF-Q4J6D9-F1-model_v6	5.949E-01	5.330E-01	1.096E-01	4.739E-01	0.164	4.253E+00
xm2h	AF-O19908-F1-model_v6	5.645E-01	5.051E-01	1.034E-01	4.456E-01	0.164	3.509E+00
xm2h	AF-P07112-F1-model_v6	5.423E-01	3.688E-01	6.229E-02	3.890E-01	0.164	2.239E+00
xm2h	AF-Q53138-F1-model_v6	4.549E-01	3.278E-01	1.514E-01	3.211E-01	0.150	9.118E-01
xm2h	AF-P65830-F1-model_v6	5.642E-01	4.962E-01	1.187E-01	4.388E-01	0.150	3.741E+00
xm2h	AF-Q81J01-F1-model_v6	6.030E-01	5.221E-01	1.049E-01	4.505E-01	0.150	4.535E+00
xm2h	AF-Q56213-F1-model_v6	5.029E-01	4.360E-01	8.884E-02	4.169E-01	0.150	2.387E+00
xm2h	AF-P25195-F1-model_v6	5.034E-01	4.278E-01	9.401E-02	4.031E-01	0.150	2.387E+00
xm2h	AF-Q9Z6U0-F1-model_v6	5.783E-01	5.054E-01	1.029E-01	4.292E-01	0.150	3.741E+00
xm2h	AF-Q1QIR5-F1-model_v6	4.298E-01	3.846E-01	7.805E-02	4.300E-01	0.150	1.624E+00
xm2h	AF-P0DH82-F1-model_v6	4.002E-01	3.111E-01	1.453E-01	3.897E-01	0.138	1.257E+00
xm2h	AF-Q75GX9-2-F1-model_v6	4.214E-01	2.431E-01	1.026E-01	2.967E-01	0.138	6.615E-01
xm2h	AF-Q2YU32-F1-model_v6	5.511E-01	4.173E-01	1.473E-01	4.257E-01	0.138	3.741E+00
xm2h	AF-O66648-F1-model_v6	5.162E-01	4.548E-01	1.007E-01	4.192E-01	0.138	3.086E+00
xm2h	AF-O57981-F1-model_v6	5.516E-01	4.804E-01	1.014E-01	4.372E-01	0.138	3.989E+00
xm2h	AF-P64228-F1-model_v6	5.545E-01	4.875E-01	1.019E-01	4.467E-01	0.138	3.989E+00
xm2h	AF-Q6GES3-F1-model_v6	5.560E-01	4.887E-01	1.019E-01	4.481E-01	0.138	3.989E+00
xm2h	AF-Q6FZH6-F1-model_v6	5.602E-01	4.763E-01	9.560E-02	4.203E-01	0.138	3.741E+00
xm2h	AF-Q890U2-F1-model_v6	5.820E-01	5.079E-01	1.043E-01	4.566E-01	0.138	4.836E+00
xm2h	AF-Q92ZK3-F1-model_v6	4.709E-01	3.968E-01	8.553E-02	3.873E-01	0.138	1.969E+00
xm2h	AF-Q6F6U8-F1-model_v6	5.244E-01	4.562E-01	9.590E-02	4.277E-01	0.138	3.509E+00
xm2h	AF-O68280-F1-model_v6	4.959E-01	4.362E-01	9.301E-02	4.141E-01	0.138	2.714E+00
xm2h	AF-Q13BM0-F1-model_v6	4.352E-01	3.880E-01	7.760E-02	4.299E-01	0.138	2.239E+00
xm2h	AF-Q48434-F1-model_v6	5.319E-01	3.292E-01	9.798E-02	3.412E-01	0.126	2.100E+00
xm2h	AF-P05193-F1-model_v6	5.316E-01	3.280E-01	9.772E-02	3.421E-01	0.126	2.387E+00
xm2h	AF-P52419-F1-model_v6	5.414E-01	4.680E-01	1.213E-01	4.373E-01	0.126	4.253E+00
xm2h	AF-Q5HQA0-F1-model_v6	5.527E-01	4.685E-01	1.182E-01	4.118E-01	0.126	3.741E+00
xm2h	AF-Q51342-F1-model_v6	5.051E-01	4.342E-01	1.122E-01	4.057E-01	0.126	2.894E+00
xm2h	AF-P9WHQ7-F1-model_v6	5.656E-01	4.973E-01	1.188E-01	4.411E-01	0.126	4.836E+00
xm2h	AF-Q73F49-F1-model_v6	5.343E-01	4.500E-01	9.417E-02	4.019E-01	0.126	3.509E+00
xm2h	AF-Q8NVE6-F1-model_v6	5.545E-01	4.875E-01	1.018E-01	4.490E-01	0.126	4.836E+00
xm2h	AF-Q67T12-F1-model_v6	5.702E-01	5.004E-01	1.034E-01	4.411E-01	0.126	5.156E+00
xm2h	AF-Q8PGH9-F1-model_v6	5.197E-01	4.364E-01	8.678E-02	3.933E-01	0.126	2.894E+00
xm2h	AF-Q74GH6-F1-model_v6	5.189E-01	4.489E-01	8.862E-02	4.179E-01	0.126	3.290E+00
xm2h	AF-Q8PCY1-F1-model_v6	5.358E-01	4.532E-01	9.532E-02	4.127E-01	0.126	3.509E+00
xm2h	AF-P85302-F1-model_v6	5.142E-01	2.962E-01	9.134E-02	3.368E-01	0.116	2.239E+00
xm2h	AF-Q9KG45-F1-model_v6	5.856E-01	5.064E-01	1.036E-01	4.488E-01	0.116	6.251E+00
xm2h	AF-Q72HF4-F1-model_v6	5.027E-01	4.358E-01	8.882E-02	4.167E-01	0.116	3.509E+00
xm2h	AF-Q5XBV6-F1-model_v6	5.706E-01	4.794E-01	9.913E-02	4.222E-01	0.116	4.836E+00
xm2h	AF-Q1GU73-F1-model_v6	4.376E-01	4.226E-01	9.054E-02	4.118E-01	0.116	2.387E+00
xm2h	AF-Q92QX2-F1-model_v6	3.871E-01	3.332E-01	7.003E-02	3.647E-01	0.116	1.429E+00
xm2h	AF-Q2J0X3-F1-model_v6	4.348E-01	3.801E-01	7.541E-02	4.241E-01	0.116	2.894E+00
xm2h	AF-A6ZME2-F1-model_v6	4.819E-01	4.519E-01	8.571E-02	4.026E-01	0.116	3.290E+00
xm2h	AF-Q55621-F1-model_v6	5.246E-01	4.494E-01	1.176E-01	4.333E-01	0.106	5.156E+00
xm2h	AF-Q8U4D1-F1-model_v6	5.585E-01	4.885E-01	1.038E-01	4.400E-01	0.106	6.251E+00
xm2h	AF-Q5WLG7-F1-model_v6	5.361E-01	4.435E-01	9.033E-02	4.033E-01	0.106	4.535E+00
xm2h	AF-Q6G322-F1-model_v6	5.150E-01	4.335E-01	9.211E-02	4.022E-01	0.106	3.989E+00
xm2h	AF-Q8UEH1-F1-model_v6	5.429E-01	4.619E-01	9.321E-02	4.043E-01	0.106	4.836E+00
xm2h	AF-Q7NIG8-F1-model_v6	5.065E-01	4.310E-01	9.170E-02	4.017E-01	0.106	3.989E+00
xm2h	AF-O86781-F1-model_v6	5.698E-01	5.022E-01	1.033E-01	4.536E-01	0.106	6.665E+00
xm2h	AF-Q21AW5-F1-model_v6	3.975E-01	3.400E-01	7.019E-02	3.851E-01	0.106	2.100E+00
xm2h	AF-Q3EB59-F1-model_v6	3.629E-01	2.704E-01	1.312E-01	3.757E-01	0.098	1.732E+00
xm2h	AF-Q94F20-F1-model_v6	4.467E-01	2.739E-01	7.963E-02	2.786E-01	0.098	1.429E+00
xm2h	AF-P00811-F1-model_v6	5.317E-01	3.130E-01	9.188E-02	3.361E-01	0.098	3.509E+00
xm2h	AF-O53044-F1-model_v6	5.311E-01	3.288E-01	9.789E-02	3.413E-01	0.098	3.290E+00
xm2h	AF-Q5XIB4-F1-model_v6	4.186E-01	3.993E-01	1.008E-01	3.434E-01	0.098	2.100E+00
xm2h	AF-Q9LUJ7-F1-model_v6	5.438E-01	2.549E-01	5.242E-02	3.126E-01	0.098	3.086E+00
xm2h	AF-Q55038-F1-model_v6	5.348E-01	4.583E-01	1.190E-01	4.322E-01	0.098	6.251E+00
xm2h	AF-P9WHQ6-F1-model_v6	5.644E-01	4.963E-01	1.187E-01	4.395E-01	0.098	6.665E+00
xm2h	AF-A2AJA7-2-F1-model_v6	7.093E-01	2.225E-01	1.813E-02	2.855E-01	0.098	4.836E+00
xm2h	AF-O34598-F1-model_v6	3.757E-01	2.956E-01	1.938E-01	3.470E-01	0.090	1.732E+00
xm2h	AF-Q9LYE7-F1-model_v6	4.455E-01	2.727E-01	8.071E-02	2.783E-01	0.090	1.624E+00
xm2h	AF-P94958-F1-model_v6	5.244E-01	3.126E-01	9.353E-02	3.434E-01	0.090	3.741E+00
xm2h	AF-O69773-F1-model_v6	4.935E-01	2.708E-01	7.722E-02	3.195E-01	0.090	2.714E+00
xm2h	AF-O05465-F1-model_v6	4.769E-01	2.888E-01	8.393E-02	3.219E-01	0.090	2.894E+00
xm2h	AF-P21921-F1-model_v6	4.801E-01	3.468E-01	9.451E-02	3.084E-01	0.090	2.387E+00
xm2h	AF-O29388-F1-model_v6	5.770E-01	5.151E-01	1.387E-01	4.472E-01	0.090	8.616E+00
xm2h	AF-Q9V249-F1-model_v6	5.828E-01	5.088E-01	1.037E-01	4.507E-01	0.090	9.186E+00
xm2h	AF-Q65P46-F1-model_v6	5.322E-01	4.559E-01	9.320E-02	4.205E-01	0.090	6.665E+00
xm2h	AF-Q5NRH4-F1-model_v6	4.470E-01	3.792E-01	8.088E-02	3.512E-01	0.090	3.086E+00
xm2h	AF-Q8CX33-F1-model_v6	4.892E-01	4.113E-01	8.831E-02	3.998E-01	0.090	5.156E+00
xm2h	AF-Q8EZQ1-F1-model_v6	5.128E-01	4.464E-01	9.569E-02	4.289E-01	0.090	6.251E+00
xm2h	AF-Q5F584-F1-model_v6	4.697E-01	4.063E-01	8.983E-02	4.001E-01	0.090	4.535E+00
xm2h	AF-Q9JWN9-F1-model_v6	4.932E-01	4.231E-01	9.219E-02	4.179E-01	0.090	5.498E+00
xm2h	AF-Q9K1P9-F1-model_v6	4.944E-01	4.240E-01	9.223E-02	4.175E-01	0.090	5.498E+00
xm2h	AF-Q8TZ14-F1-model_v6	5.125E-01	3.921E-01	7.753E-02	3.889E-01	0.090	4.836E+00
xm2h	AF-B3LLX6-F1-model_v6	4.825E-01	4.524E-01	8.510E-02	4.047E-01	0.090	4.535E+00
xm2h	AF-B8A927-F1-model_v6	3.038E-01	2.151E-01	1.018E-01	3.452E-01	0.082	1.105E+00
xm2h	AF-Q5JM57-F1-model_v6	3.038E-01	2.152E-01	1.019E-01	3.440E-01	0.082	1.257E+00
xm2h	AF-C5XIF2-F1-model_v6	3.040E-01	2.151E-01	1.033E-01	3.448E-01	0.082	1.257E+00
xm2h	AF-P48551-3-F1-model_v6	6.288E-01	2.040E-01	8.230E-02	2.662E-01	0.082	3.989E+00
xm2h	AF-P44098-F1-model_v6	5.759E-01	5.011E-01	1.908E-01	4.473E-01	0.082	9.186E+00
xm2h	AF-A9FDP9-F1-model_v6	4.928E-01	3.712E-01	1.329E-01	3.883E-01	0.082	5.498E+00
xm2h	AF-P05364-F1-model_v6	4.440E-01	2.781E-01	8.840E-02	3.002E-01	0.082	2.239E+00
xm2h	AF-Q48743-F1-model_v6	4.627E-01	2.294E-01	7.663E-02	3.133E-01	0.082	2.894E+00
xm2h	AF-P13919-F1-model_v6	4.336E-01	2.431E-01	6.928E-02	2.820E-01	0.082	1.847E+00
xm2h	AF-Q5RCS9-F1-model_v6	4.275E-01	4.073E-01	9.998E-02	3.545E-01	0.082	3.086E+00
xm2h	AF-A0A7T8J1U7-F1-model_v6	4.517E-01	4.198E-01	1.148E-01	3.954E-01	0.082	4.535E+00
xm2h	AF-Q9ABV2-F1-model_v6	4.926E-01	4.195E-01	9.331E-02	3.999E-01	0.082	5.498E+00
xm2h	AF-Q8YC47-F1-model_v6	5.062E-01	4.312E-01	8.972E-02	3.735E-01	0.082	5.156E+00
xm2h	AF-P08633-F1-model_v6	4.795E-01	4.034E-01	8.728E-02	3.931E-01	0.082	5.498E+00
xm2h	AF-Q7W334-F1-model_v6	5.268E-01	4.502E-01	9.539E-02	4.106E-01	0.082	7.107E+00
xm2h	AF-Q7WE36-F1-model_v6	5.282E-01	4.510E-01	9.545E-02	4.115E-01	0.082	7.107E+00
xm2h	AF-P25280-F1-model_v6	3.433E-01	2.690E-01	5.519E-02	3.099E-01	0.082	1.257E+00
xm2h	AF-P72720-F1-model_v6	5.190E-01	4.505E-01	9.270E-02	4.234E-01	0.082	7.578E+00
xm2h	AF-Q8UGA9-F1-model_v6	4.493E-01	3.717E-01	7.135E-02	4.051E-01	0.082	4.535E+00
xm2h	AF-C7GL41-F1-model_v6	5.341E-01	4.049E-01	6.921E-02	3.927E-01	0.082	6.665E+00
xm2h	AF-Q99650-F1-model_v6	6.074E-01	1.812E-01	1.723E-02	2.693E-01	0.082	3.741E+00
xm2h	AF-Q3ITY5-F1-model_v6	3.651E-01	2.886E-01	3.044E-01	3.722E-01	0.076	2.714E+00
xm2h	AF-F2EL82-F1-model_v6	3.023E-01	2.145E-01	1.063E-01	3.440E-01	0.076	1.340E+00
xm2h	AF-Q5ZIF3-F1-model_v6	4.086E-01	3.882E-01	9.993E-02	3.363E-01	0.076	2.894E+00
xm2h	AF-Q5HH14-F1-model_v6	5.259E-01	4.565E-01	1.175E-01	4.416E-01	0.076	8.616E+00
xm2h	AF-Q8CT30-F1-model_v6	5.515E-01	4.680E-01	1.182E-01	4.129E-01	0.076	8.616E+00
xm2h	AF-P77935-F1-model_v6	5.295E-01	4.629E-01	1.195E-01	4.177E-01	0.076	8.080E+00
xm2h	AF-P52418-F1-model_v6	5.129E-01	4.314E-01	9.839E-02	3.991E-01	0.076	7.107E+00
xm2h	AF-P0CI73-F1-model_v6	4.962E-01	4.318E-01	9.352E-02	3.891E-01	0.076	6.665E+00
xm2h	AF-Q8ETM5-F1-model_v6	5.387E-01	4.628E-01	9.542E-02	4.228E-01	0.076	8.616E+00
xm2h	AF-Q5HM69-F1-model_v6	5.425E-01	4.760E-01	9.936E-02	4.282E-01	0.076	9.186E+00
xm2h	AF-O84823-F1-model_v6	5.409E-01	4.649E-01	9.855E-02	4.260E-01	0.076	8.616E+00
xm2h	AF-Q8NND3-F1-model_v6	4.602E-01	4.153E-01	8.426E-02	3.664E-01	0.076	4.535E+00
xm2h	AF-Q5NPR4-F1-model_v6	5.029E-01	4.476E-01	8.779E-02	4.214E-01	0.076	8.080E+00
xm2h	AF-A8AQ39-F1-model_v6	4.124E-01	1.968E-01	1.319E-01	2.719E-01	0.069	2.239E+00
xm2h	AF-P18655-F1-model_v6	4.225E-01	2.706E-01	1.454E-01	3.031E-01	0.069	2.714E+00
xm2h	AF-O28310-F1-model_v6	3.471E-01	2.607E-01	1.392E-01	3.427E-01	0.069	2.239E+00
xm2h	AF-Q4U5S1-F1-model_v6	3.781E-01	3.421E-01	1.042E-01	3.352E-01	0.069	2.894E+00
xm2h	AF-P24735-F1-model_v6	4.143E-01	2.920E-01	8.997E-02	3.179E-01	0.069	2.894E+00
xm2h	AF-Q9HZU0-F1-model_v6	4.743E-01	3.301E-01	9.011E-02	3.149E-01	0.069	4.535E+00
xm2h	AF-Q8NX91-F1-model_v6	5.058E-01	4.389E-01	1.169E-01	4.190E-01	0.069	9.186E+00
xm2h	AF-E0U070-F1-model_v6	4.964E-01	4.126E-01	8.697E-02	3.757E-01	0.069	7.107E+00
xm2h	AF-Q8DRA8-F1-model_v6	4.396E-01	3.844E-01	8.528E-02	3.670E-01	0.069	4.836E+00
xm2h	AF-Q8DZZ7-F1-model_v6	5.186E-01	4.534E-01	9.700E-02	4.202E-01	0.069	9.795E+00
xm2h	AF-Q577Y1-F1-model_v6	5.065E-01	4.314E-01	8.973E-02	3.735E-01	0.069	7.107E+00
xm2h	AF-Q8CY30-F1-model_v6	5.064E-01	4.314E-01	8.972E-02	3.734E-01	0.069	7.107E+00
xm2h	AF-Q7VRZ3-F1-model_v6	5.278E-01	4.508E-01	9.548E-02	4.111E-01	0.069	9.186E+00
xm2h	AF-Q45743-F1-model_v6	4.032E-01	1.843E-01	2.947E-02	2.812E-01	0.069	2.100E+00
xm2h	AF-P14742-F1-model_v6	4.414E-01	4.123E-01	7.818E-02	3.795E-01	0.069	5.498E+00
xm2h	AF-Q58815-F1-model_v6	4.177E-01	3.645E-01	4.982E-02	3.634E-01	0.069	4.535E+00
xm2h	AF-Q86K40-F1-model_v6	6.129E-01	1.990E-01	1.744E-02	2.745E-01	0.069	5.156E+00
xm2h	AF-A4WEW9-F1-model_v6	4.217E-01	1.985E-01	1.352E-01	2.726E-01	0.063	2.714E+00
xm2h	AF-A8A4X0-F1-model_v6	4.252E-01	2.026E-01	1.339E-01	2.670E-01	0.063	2.714E+00
xm2h	AF-B1LFQ5-F1-model_v6	4.265E-01	2.030E-01	1.341E-01	2.670E-01	0.063	2.546E+00
xm2h	AF-C4ZSP5-F1-model_v6	4.239E-01	2.022E-01	1.337E-01	2.670E-01	0.063	2.714E+00
xm2h	AF-Q31W33-F1-model_v6	4.277E-01	2.032E-01	1.342E-01	2.678E-01	0.063	2.714E+00
xm2h	AF-P0DI25-F1-model_v6	3.668E-01	2.715E-01	1.529E-01	3.762E-01	0.063	3.989E+00
xm2h	AF-Q74M72-F1-model_v6	4.021E-01	3.339E-01	2.049E-01	3.661E-01	0.063	4.535E+00
xm2h	AF-Q94F20-2-F1-model_v6	4.444E-01	2.731E-01	1.470E-01	2.764E-01	0.063	3.290E+00
xm2h	AF-Q36580-F1-model_v6	4.331E-01	3.878E-01	1.563E-01	4.223E-01	0.063	8.080E+00
xm2h	AF-Q99K23-F1-model_v6	4.192E-01	3.990E-01	1.007E-01	3.427E-01	0.063	4.253E+00
xm2h	AF-Q2W0M1-F1-model_v6	4.305E-01	3.740E-01	8.255E-02	4.093E-01	0.063	6.665E+00
xm2h	AF-Q6NG33-F1-model_v6	4.555E-01	4.150E-01	8.770E-02	3.949E-01	0.063	7.578E+00
xm2h	AF-Q1MIX8-F1-model_v6	3.841E-01	3.131E-01	6.514E-02	3.439E-01	0.063	3.509E+00
xm2h	AF-A6L3G1-F1-model_v6	5.038E-01	3.476E-01	4.081E-02	3.290E-01	0.063	6.665E+00
xm2h	AF-Q8FD95-F1-model_v6	4.220E-01	2.018E-01	1.392E-01	2.694E-01	0.057	2.894E+00
xm2h	AF-Q8XA94-F1-model_v6	4.179E-01	1.974E-01	1.316E-01	2.714E-01	0.057	3.290E+00
xm2h	AF-B5YS44-F1-model_v6	4.277E-01	1.990E-01	1.328E-01	2.713E-01	0.057	3.290E+00
xm2h	AF-B7LR07-F1-model_v6	4.247E-01	2.024E-01	1.338E-01	2.674E-01	0.057	2.894E+00
xm2h	AF-B7MB75-F1-model_v6	4.266E-01	2.030E-01	1.341E-01	2.678E-01	0.057	3.509E+00
xm2h	AF-A9MPN8-F1-model_v6	4.222E-01	2.025E-01	1.339E-01	2.679E-01	0.057	3.290E+00
xm2h	AF-Q0BCF1-F1-model_v6	4.030E-01	2.255E-01	1.067E-01	2.600E-01	0.057	2.387E+00
xm2h	AF-P18539-F1-model_v6	4.815E-01	2.998E-01	9.172E-02	3.187E-01	0.057	5.862E+00
xm2h	AF-Q54F07-F1-model_v6	3.049E-01	2.589E-01	8.263E-02	3.420E-01	0.057	2.387E+00
xm2h	AF-Q8FNH2-F1-model_v6	4.450E-01	4.006E-01	7.887E-02	3.819E-01	0.057	8.080E+00
xm2h	AF-Q09740-F1-model_v6	4.825E-01	4.721E-01	8.531E-02	4.104E-01	0.057	9.795E+00
xm2h	AF-P75051-F1-model_v6	3.788E-01	1.819E-01	1.336E-01	2.944E-01	0.051	3.741E+00
xm2h	AF-B7UJ49-F1-model_v6	4.254E-01	2.029E-01	1.398E-01	2.670E-01	0.051	3.509E+00
xm2h	AF-A7ZS49-F1-model_v6	4.239E-01	2.023E-01	1.338E-01	2.674E-01	0.051	3.741E+00
xm2h	AF-Q3YX87-F1-model_v6	4.256E-01	2.027E-01	1.339E-01	2.673E-01	0.051	3.741E+00
xm2h	AF-B6I1M9-F1-model_v6	4.252E-01	2.026E-01	1.339E-01	2.669E-01	0.051	3.741E+00
xm2h	AF-B5FHZ8-F1-model_v6	4.210E-01	2.022E-01	1.337E-01	2.689E-01	0.051	3.989E+00
xm2h	AF-B4TIZ3-F1-model_v6	3.900E-01	1.989E-01	1.304E-01	2.546E-01	0.051	2.894E+00
xm2h	AF-A9N716-F1-model_v6	3.916E-01	1.992E-01	1.305E-01	2.543E-01	0.051	2.894E+00
xm2h	AF-B4T6Y5-F1-model_v6	3.985E-01	1.999E-01	1.308E-01	2.537E-01	0.051	2.714E+00
xm2h	AF-Q0T0C7-F1-model_v6	4.290E-01	2.033E-01	1.342E-01	2.678E-01	0.051	3.741E+00
xm2h	AF-Q32BH9-F1-model_v6	4.251E-01	2.026E-01	1.339E-01	2.669E-01	0.051	3.741E+00
xm2h	AF-Q0TCV5-F1-model_v6	4.254E-01	2.027E-01	1.340E-01	2.670E-01	0.051	3.741E+00
xm2h	AF-P60821-F1-model_v6	3.889E-01	1.987E-01	1.303E-01	2.543E-01	0.051	2.894E+00
xm2h	AF-B1IQW7-F1-model_v6	4.273E-01	2.031E-01	1.341E-01	2.679E-01	0.051	3.741E+00
xm2h	AF-B7M062-F1-model_v6	4.242E-01	2.024E-01	1.338E-01	2.670E-01	0.051	3.509E+00
xm2h	AF-B7N0T9-F1-model_v6	4.261E-01	2.028E-01	1.340E-01	2.679E-01	0.051	3.741E+00
xm2h	AF-A1AG59-F1-model_v6	4.233E-01	2.023E-01	1.338E-01	2.670E-01	0.051	3.509E+00
xm2h	AF-B2U2L3-F1-model_v6	4.264E-01	2.028E-01	1.340E-01	2.677E-01	0.051	3.741E+00
xm2h	AF-Q8YXG5-F1-model_v6	4.476E-01	2.076E-01	9.897E-02	2.899E-01	0.051	5.498E+00
xm2h	AF-B1YVG1-F1-model_v6	4.034E-01	2.258E-01	1.068E-01	2.600E-01	0.051	3.086E+00
xm2h	AF-A9SG36-F1-model_v6	3.731E-01	2.756E-01	1.318E-01	3.836E-01	0.051	6.251E+00
xm2h	AF-B9DP10-F1-model_v6	3.701E-01	1.746E-01	7.028E-02	2.482E-01	0.051	2.239E+00
xm2h	AF-Q8LAR0-2-F1-model_v6	4.450E-01	2.721E-01	8.948E-02	2.785E-01	0.051	4.253E+00
xm2h	AF-O22940-F1-model_v6	4.150E-01	2.816E-01	8.050E-02	2.500E-01	0.051	3.086E+00
xm2h	AF-Q9SSB7-F1-model_v6	4.421E-01	2.705E-01	7.949E-02	2.795E-01	0.051	4.535E+00
xm2h	AF-P71420-F1-model_v6	4.763E-01	2.650E-01	7.952E-02	2.792E-01	0.051	5.862E+00
xm2h	AF-Q99QC1-F1-model_v6	4.748E-01	2.662E-01	7.947E-02	2.799E-01	0.051	5.156E+00
xm2h	AF-Q9AVL9-F1-model_v6	3.540E-01	3.403E-01	1.025E-01	3.373E-01	0.051	4.535E+00
xm2h	AF-Q9R9R6-F1-model_v6	3.395E-01	2.804E-01	6.741E-02	3.102E-01	0.051	3.509E+00
xm2h	AF-A0A0E0RTV6-F1-model_v6	2.857E-01	2.762E-01	7.162E-02	3.552E-01	0.051	2.714E+00
xm2h	AF-Q3SPL2-F1-model_v6	4.017E-01	3.337E-01	6.902E-02	3.779E-01	0.051	7.107E+00
xm2h	AF-O67226-F1-model_v6	3.926E-01	2.420E-01	2.486E-02	2.753E-01	0.051	3.290E+00
xm2h	AF-P47298-F1-model_v6	3.566E-01	2.581E-01	1.914E-01	3.052E-01	0.045	3.989E+00
xm2h	AF-B7NKM3-F1-model_v6	4.233E-01	2.022E-01	1.337E-01	2.697E-01	0.045	4.535E+00
xm2h	AF-B7NDD8-F1-model_v6	4.211E-01	2.015E-01	1.334E-01	2.694E-01	0.045	4.253E+00
xm2h	AF-B5BGI2-F1-model_v6	4.245E-01	2.027E-01	1.339E-01	2.693E-01	0.045	4.836E+00
xm2h	AF-B5QZU2-F1-model_v6	4.274E-01	2.050E-01	1.344E-01	2.422E-01	0.045	3.741E+00
xm2h	AF-B5F6S3-F1-model_v6	3.887E-01	1.987E-01	1.303E-01	2.544E-01	0.045	3.290E+00
xm2h	AF-B5REM0-F1-model_v6	3.935E-01	1.996E-01	1.307E-01	2.550E-01	0.045	3.290E+00
xm2h	AF-Q5PL88-F1-model_v6	3.948E-01	1.992E-01	1.305E-01	2.537E-01	0.045	3.290E+00
xm2h	AF-Q57JJ5-F1-model_v6	4.251E-01	2.029E-01	1.340E-01	2.676E-01	0.045	4.535E+00
xm2h	AF-P60822-F1-model_v6	3.895E-01	1.988E-01	1.303E-01	2.544E-01	0.045	3.290E+00
xm2h	AF-Q8K9V4-F1-model_v6	4.454E-01	2.741E-01	1.443E-01	2.822E-01	0.045	5.498E+00
xm2h	AF-B9GGL4-F1-model_v6	3.247E-01	2.289E-01	1.151E-01	3.499E-01	0.045	4.253E+00
xm2h	AF-C8AW47-F1-model_v6	4.514E-01	1.988E-01	5.576E-02	2.818E-01	0.045	5.862E+00
xm2h	AF-Q54JW9-F1-model_v6	3.685E-01	3.356E-01	1.241E-01	4.033E-01	0.045	7.578E+00
xm2h	AF-Q9SPV4-F1-model_v6	4.241E-01	3.695E-01	1.149E-01	3.280E-01	0.045	6.665E+00
xm2h	AF-B0UWT3-F1-model_v6	2.991E-01	2.547E-01	8.108E-02	3.395E-01	0.045	3.290E+00
xm2h	AF-P15555-F1-model_v6	4.714E-01	2.408E-01	6.787E-02	3.068E-01	0.045	7.107E+00
xm2h	AF-Q8CJ96-F1-model_v6	4.308E-01	2.463E-01	6.697E-02	2.683E-01	0.045	4.836E+00
xm2h	AF-B8AL97-F1-model_v6	3.952E-01	2.139E-01	5.151E-02	2.747E-01	0.045	3.989E+00
xm2h	AF-A0A2I4E5L6-F1-model_v6	3.942E-01	2.143E-01	4.860E-02	2.739E-01	0.045	4.535E+00
xm2h	AF-P43237-F1-model_v6	3.930E-01	2.222E-01	4.210E-02	2.845E-01	0.045	4.836E+00
xm2h	AF-P33237-F1-model_v6	4.746E-01	1.757E-01	3.977E-02	2.761E-01	0.045	6.665E+00
xm2h	AF-Q9SPL5-F1-model_v6	3.985E-01	2.202E-01	3.841E-02	2.703E-01	0.045	4.253E+00
xm2h	AF-G0SB44-F1-model_v6	4.832E-01	2.112E-01	1.751E-02	2.653E-01	0.045	6.251E+00
xm2h	AF-G5EGQ6-2-F1-model_v6	4.466E-01	1.946E-01	7.895E-03	2.833E-01	0.045	5.862E+00
xm2h	AF-Q57835-F1-model_v6	4.119E-01	1.878E-01	1.348E-01	2.706E-01	0.040	5.156E+00
xm2h	AF-B4TWC4-F1-model_v6	3.895E-01	1.988E-01	1.303E-01	2.540E-01	0.040	4.253E+00
xm2h	AF-P67763-F1-model_v6	4.250E-01	2.025E-01	1.339E-01	2.679E-01	0.040	5.156E+00
xm2h	AF-Q9CJN9-F1-model_v6	4.036E-01	2.344E-01	1.600E-01	3.161E-01	0.040	7.578E+00
xm2h	AF-Q8YSZ1-F1-model_v6	4.201E-01	2.681E-01	1.455E-01	3.037E-01	0.040	6.665E+00
xm2h	AF-P0DI20-F1-model_v6	3.644E-01	2.806E-01	1.387E-01	3.754E-01	0.040	8.616E+00
xm2h	AF-A4G883-F1-model_v6	4.525E-01	2.158E-01	1.053E-01	2.933E-01	0.040	7.107E+00
xm2h	AF-Q474I9-F1-model_v6	4.561E-01	2.172E-01	1.050E-01	2.941E-01	0.040	8.080E+00
xm2h	AF-P21640-F1-model_v6	4.200E-01	3.591E-01	1.748E-01	3.590E-01	0.040	9.795E+00
xm2h	AF-Q8LAR0-F1-model_v6	3.906E-01	2.702E-01	8.072E-02	2.588E-01	0.040	3.989E+00
xm2h	AF-Q02833-F1-model_v6	4.174E-01	2.530E-01	7.956E-02	2.924E-01	0.040	7.107E+00
xm2h	AF-P56878-F1-model_v6	2.808E-01	2.429E-01	8.645E-02	3.244E-01	0.040	3.741E+00
xm2h	AF-A0A096VHZ6-F1-model_v6	3.377E-01	3.245E-01	9.583E-02	3.001E-01	0.040	4.253E+00
xm2h	AF-A0A096VHZ1-F1-model_v6	3.372E-01	3.241E-01	9.577E-02	3.007E-01	0.040	4.253E+00
xm2h	AF-O06291-F1-model_v6	4.671E-01	1.808E-01	3.471E-02	2.347E-01	0.040	5.156E+00
xm2h	AF-Q2G9G8-F1-model_v6	3.843E-01	3.566E-01	7.513E-02	3.839E-01	0.040	9.795E+00
xm2h	AF-P08575-10-F1-model_v6	5.132E-01	2.111E-01	1.734E-02	2.807E-01	0.040	9.186E+00
xm2h	AF-P08575-6-F1-model_v6	5.132E-01	2.112E-01	1.644E-02	2.806E-01	0.040	9.186E+00
xm2h	AF-P08575-F1-model_v6	5.082E-01	2.104E-01	1.584E-02	2.807E-01	0.040	9.186E+00
xm2h	AF-B5XSY9-F1-model_v6	4.258E-01	2.055E-01	1.347E-01	2.438E-01	0.034	5.862E+00
xm2h	AF-P0DI21-F1-model_v6	2.781E-01	2.092E-01	1.210E-01	3.462E-01	0.034	5.156E+00
xm2h	AF-B1L735-F1-model_v6	3.200E-01	2.140E-01	1.062E-01	3.170E-01	0.034	5.156E+00
xm2h	AF-Q9ZD15-F1-model_v6	4.309E-01	2.788E-01	1.420E-01	3.012E-01	0.034	9.186E+00
xm2h	AF-B2SY78-F1-model_v6	4.110E-01	2.318E-01	1.122E-01	2.752E-01	0.034	6.251E+00
xm2h	AF-A9AGI1-F1-model_v6	3.918E-01	2.288E-01	1.102E-01	2.683E-01	0.034	5.498E+00
xm2h	AF-B9RQG7-F1-model_v6	3.561E-01	2.647E-01	1.282E-01	3.717E-01	0.034	9.186E+00
xm2h	AF-Q9V109-F1-model_v6	3.244E-01	2.244E-01	1.095E-01	3.253E-01	0.034	6.251E+00
xm2h	AF-Q5JE04-F1-model_v6	3.123E-01	2.129E-01	1.047E-01	3.226E-01	0.034	5.498E+00
xm2h	AF-O28166-F1-model_v6	3.646E-01	1.888E-01	7.222E-02	2.701E-01	0.034	5.498E+00
xm2h	AF-P57897-F1-model_v6	2.990E-01	2.545E-01	8.054E-02	3.394E-01	0.034	5.156E+00
xm2h	AF-Q4QLC5-F1-model_v6	2.853E-01	2.152E-01	8.437E-02	3.121E-01	0.034	3.989E+00
xm2h	AF-A1VBJ1-F1-model_v6	2.747E-01	2.549E-01	8.622E-02	3.504E-01	0.034	4.535E+00
xm2h	AF-A9A1T2-F1-model_v6	3.644E-01	1.776E-01	4.074E-02	2.700E-01	0.034	5.156E+00
xm2h	AF-B0TCS1-F1-model_v6	2.854E-01	2.474E-01	7.895E-02	3.814E-01	0.034	5.862E+00
xm2h	AF-P15260-F1-model_v6	4.479E-01	2.015E-01	4.112E-02	2.698E-01	0.034	7.578E+00
xm2h	AF-Q8ZXT5-F1-model_v6	3.361E-01	1.792E-01	2.208E-02	2.841E-01	0.034	4.535E+00
xm2h	AF-I1RIV2-F1-model_v6	3.300E-01	2.758E-01	2.767E-02	3.287E-01	0.034	6.251E+00
xm2h	AF-G5EGQ6-F1-model_v6	4.546E-01	1.966E-01	7.370E-03	2.855E-01	0.034	8.616E+00
xm2h	AF-Q5LSJ4-F1-model_v6	2.768E-01	1.780E-01	9.951E-02	2.192E-01	0.029	1.847E+00
xm2h	AF-A9NN43-F1-model_v6	3.178E-01	2.201E-01	1.046E-01	3.413E-01	0.029	8.080E+00
xm2h	AF-A7P756-F1-model_v6	3.050E-01	2.156E-01	9.900E-02	3.449E-01	0.029	7.578E+00
xm2h	AF-Q8DLZ5-F1-model_v6	4.065E-01	2.368E-01	1.182E-01	2.800E-01	0.029	7.578E+00
xm2h	AF-P21276-F1-model_v6	2.355E-01	2.005E-01	1.227E-01	2.982E-01	0.029	3.086E+00
xm2h	AF-B0JI39-F1-model_v6	3.566E-01	2.073E-01	1.072E-01	2.597E-01	0.029	5.156E+00
xm2h	AF-P29159-F1-model_v6	3.129E-01	2.132E-01	1.045E-01	3.225E-01	0.029	5.862E+00
xm2h	AF-C5A203-F1-model_v6	3.249E-01	2.300E-01	1.119E-01	3.229E-01	0.029	6.665E+00
xm2h	AF-B0UWZ8-F1-model_v6	3.014E-01	2.637E-01	1.145E-01	3.306E-01	0.029	6.665E+00
xm2h	AF-O60198-F1-model_v6	2.999E-01	2.518E-01	8.253E-02	3.466E-01	0.029	6.665E+00
xm2h	AF-Q8VHK6-F1-model_v6	3.977E-01	1.762E-01	4.594E-02	2.700E-01	0.029	6.665E+00
xm2h	AF-Q0BKD0-F1-model_v6	3.050E-01	2.553E-01	8.075E-02	3.403E-01	0.029	6.665E+00
xm2h	AF-A7NEB4-F1-model_v6	3.049E-01	2.552E-01	8.075E-02	3.406E-01	0.029	6.665E+00
xm2h	AF-Q9X1Y8-F1-model_v6	2.796E-01	2.146E-01	8.266E-02	3.184E-01	0.029	4.836E+00
xm2h	AF-Q5HNB8-F1-model_v6	3.021E-01	2.548E-01	8.030E-02	3.447E-01	0.029	7.578E+00
xm2h	AF-Q8CNT5-F1-model_v6	3.020E-01	2.547E-01	7.956E-02	3.452E-01	0.029	7.578E+00
xm2h	AF-P09799-F1-model_v6	3.038E-01	1.761E-01	3.339E-02	2.166E-01	0.029	2.714E+00
xm2h	AF-Q9FI80-F1-model_v6	3.204E-01	2.391E-01	4.456E-02	2.917E-01	0.029	5.498E+00
xm2h	AF-P79135-F1-model_v6	4.291E-01	2.006E-01	3.924E-02	2.449E-01	0.029	7.578E+00
xm2h	AF-P13591-5-F1-model_v6	4.698E-01	2.053E-01	3.545E-02	2.513E-01	0.029	8.616E+00
xm2h	AF-Q9KQ63-F1-model_v6	3.529E-01	2.372E-01	4.326E-02	2.766E-01	0.029	5.862E+00
xm2h	AF-A1E2I5-F1-model_v6	4.752E-01	1.681E-01	2.930E-02	2.688E-01	0.029	9.795E+00
xm2h	AF-Q9FXH1-F1-model_v6	4.391E-01	2.087E-01	2.301E-02	2.726E-01	0.029	8.616E+00
xm2h	AF-Q4VA61-F1-model_v6	4.715E-01	1.918E-01	1.035E-02	2.473E-01	0.029	9.186E+00
xm2h	AF-O32127-F1-model_v6	3.249E-01	2.999E-01	2.975E-01	3.388E-01	0.024	9.795E+00
xm2h	AF-C0PZ38-F1-model_v6	3.731E-01	2.024E-01	1.353E-01	2.655E-01	0.024	7.107E+00
xm2h	AF-Q7SIC3-F1-model_v6	2.522E-01	1.821E-01	9.165E-02	2.709E-01	0.024	3.509E+00
xm2h	AF-Q1RH88-F1-model_v6	3.204E-01	1.850E-01	9.674E-02	2.679E-01	0.024	5.156E+00
xm2h	AF-Q8U0M8-F1-model_v6	3.288E-01	2.241E-01	1.067E-01	3.203E-01	0.024	8.616E+00
xm2h	AF-Q6D5V3-F1-model_v6	3.960E-01	1.723E-01	8.639E-02	2.833E-01	0.024	9.795E+00
xm2h	AF-P54295-F1-model_v6	3.050E-01	2.851E-01	1.486E-01	3.384E-01	0.024	7.578E+00
xm2h	AF-Q9LZR5-F1-model_v6	3.266E-01	2.125E-01	7.464E-02	2.099E-01	0.024	3.741E+00
xm2h	AF-Q3LX99-F1-model_v6	4.563E-01	1.869E-01	6.607E-02	2.512E-01	0.024	9.186E+00
xm2h	AF-Q9AVJ9-F1-model_v6	3.120E-01	2.997E-01	9.145E-02	2.701E-01	0.024	5.862E+00
xm2h	AF-A5EY13-F1-model_v6	2.962E-01	2.526E-01	8.047E-02	3.214E-01	0.024	6.665E+00
xm2h	AF-A7TN63-F1-model_v6	3.169E-01	2.261E-01	8.463E-02	3.164E-01	0.024	7.578E+00
xm2h	AF-A7MTQ7-F1-model_v6	2.776E-01	2.127E-01	8.434E-02	3.173E-01	0.024	6.251E+00
xm2h	AF-B5F9T2-F1-model_v6	2.776E-01	2.128E-01	8.438E-02	3.165E-01	0.024	6.251E+00
xm2h	AF-B1LB17-F1-model_v6	2.797E-01	2.146E-01	8.263E-02	3.190E-01	0.024	6.251E+00
xm2h	AF-B9DN19-F1-model_v6	2.761E-01	2.127E-01	8.210E-02	3.144E-01	0.024	5.498E+00
xm2h	AF-Q49YL6-F1-model_v6	3.016E-01	2.543E-01	7.966E-02	3.450E-01	0.024	7.578E+00
xm2h	AF-Q4L7C7-F1-model_v6	3.017E-01	2.545E-01	7.988E-02	3.454E-01	0.024	8.080E+00
xm2h	AF-Q9K7Q9-F1-model_v6	2.997E-01	2.531E-01	7.940E-02	3.467E-01	0.024	9.186E+00
xm2h	AF-Q29RJ0-F1-model_v6	3.626E-01	3.154E-01	8.548E-02	2.987E-01	0.024	9.795E+00
xm2h	AF-Q8XBJ0-F1-model_v6	3.753E-01	2.510E-01	7.514E-02	2.723E-01	0.024	8.080E+00
xm2h	AF-Q852L2-F1-model_v6	3.009E-01	1.815E-01	4.596E-02	2.389E-01	0.024	3.989E+00
xm2h	AF-P09801-F1-model_v6	3.010E-01	1.730E-01	3.423E-02	2.149E-01	0.024	3.290E+00
xm2h	AF-Q56705-F1-model_v6	3.020E-01	2.563E-01	4.812E-02	2.970E-01	0.024	6.665E+00
xm2h	AF-Q9FHF9-F1-model_v6	3.062E-01	1.926E-01	3.168E-02	2.708E-01	0.024	4.836E+00
xm2h	AF-A0A023PYH0-F1-model_v6	2.513E-01	2.204E-01	1.564E-01	2.934E-01	0.020	5.498E+00
xm2h	AF-Q6T1W8-F1-model_v6	2.959E-01	1.928E-01	1.357E-01	2.449E-01	0.020	4.535E+00
xm2h	AF-P37958-F1-model_v6	3.087E-01	2.374E-01	1.242E-01	3.386E-01	0.020	9.795E+00
xm2h	AF-O59230-F1-model_v6	3.025E-01	2.026E-01	1.020E-01	3.197E-01	0.020	8.616E+00
xm2h	AF-A3N186-F1-model_v6	2.983E-01	2.535E-01	8.119E-02	3.392E-01	0.020	9.186E+00
xm2h	AF-B0TX15-F1-model_v6	2.746E-01	2.151E-01	8.393E-02	3.117E-01	0.020	7.107E+00
xm2h	AF-A7H6N1-F1-model_v6	2.431E-01	1.890E-01	8.556E-02	3.007E-01	0.020	5.156E+00
xm2h	AF-B8DTW8-F1-model_v6	2.945E-01	2.477E-01	7.849E-02	3.468E-01	0.020	9.795E+00
xm2h	AF-Q97WX2-F1-model_v6	2.801E-01	2.780E-01	8.101E-02	2.862E-01	0.020	5.862E+00
xm2h	AF-Q9FX24-F1-model_v6	3.255E-01	2.025E-01	4.031E-02	2.887E-01	0.020	9.186E+00
xm2h	AF-Q800G5-F1-model_v6	3.901E-01	2.067E-01	4.100E-02	2.352E-01	0.020	8.616E+00
xm2h	AF-P43238-F1-model_v6	3.130E-01	1.909E-01	3.432E-02	2.267E-01	0.020	5.156E+00
xm2h	AF-A0MWD1-F1-model_v6	3.928E-01	1.610E-01	3.087E-02	2.188E-01	0.020	7.107E+00
xm2h	AF-P97032-F1-model_v6	3.016E-01	1.877E-01	8.379E-02	2.706E-01	0.016	7.107E+00
xm2h	AF-V9VGU0-F1-model_v6	3.131E-01	1.845E-01	4.152E-02	2.171E-01	0.016	5.862E+00
xm2h	AF-Q9M1V3-F1-model_v6	2.998E-01	1.906E-01	2.518E-02	2.690E-01	0.016	7.107E+00
xm2h	AF-Q0WN60-F1-model_v6	3.513E-01	1.981E-01	2.639E-02	2.612E-01	0.016	9.186E+00
xm2h	AF-O82380-F1-model_v6	3.034E-01	1.968E-01	3.042E-02	2.304E-01	0.014	7.578E+00
xm2h	AF-P36122-F1-model_v6	2.629E-01	2.071E-01	4.461E-02	2.836E-01	0.014	7.578E+00
xm2h	AF-Q5I043-2-F1-model_v6	3.270E-01	1.676E-01	1.891E-02	2.280E-01	0.014	9.186E+00
xm2h	AF-Q9EQS9-3-F1-model_v6	2.946E-01	1.820E-01	2.008E-02	2.032E-01	0.014	5.156E+00
xm2h	AF-Q4L6Q3-F1-model_v6	2.296E-01	1.428E-01	8.967E-02	2.451E-01	0.011	6.665E+00
xm2h	AF-P0C0Q6-F1-model_v6	2.299E-01	1.428E-01	8.965E-02	2.442E-01	0.011	6.665E+00
xm2h	AF-Q9K4V3-F1-model_v6	2.297E-01	1.428E-01	8.953E-02	2.456E-01	0.011	6.665E+00
xm2h	AF-Q5HNZ5-F1-model_v6	2.302E-01	1.429E-01	8.963E-02	2.446E-01	0.011	6.665E+00
xm2h	AF-Q49XZ6-F1-model_v6	2.296E-01	1.428E-01	8.954E-02	2.456E-01	0.011	6.665E+00
xm2h	AF-Q8VQ15-F1-model_v6	2.293E-01	1.426E-01	8.976E-02	2.446E-01	0.011	5.862E+00
xm2h	AF-P99098-F1-model_v6	2.299E-01	1.428E-01	8.976E-02	2.442E-01	0.011	5.862E+00
xm2h	AF-Q6GIR5-F1-model_v6	2.734E-01	1.668E-01	6.717E-02	2.570E-01	0.011	9.795E+00
xm2h	AF-P0A0J1-F1-model_v6	2.301E-01	1.429E-01	8.957E-02	2.442E-01	0.010	7.578E+00
xm2h	AF-Q2FGH0-F1-model_v6	2.299E-01	1.428E-01	8.961E-02	2.445E-01	0.010	7.578E+00
xm2h	AF-Q2YT26-F1-model_v6	2.293E-01	1.426E-01	8.969E-02	2.448E-01	0.010	7.578E+00
xm2h	AF-P0A0J3-F1-model_v6	2.300E-01	1.428E-01	8.975E-02	2.448E-01	0.010	7.578E+00
xm2h	AF-Q5HFK7-F1-model_v6	2.296E-01	1.427E-01	8.975E-02	2.444E-01	0.010	7.578E+00
xm2h	AF-Q6GGE6-F1-model_v6	2.299E-01	1.428E-01	8.972E-02	2.453E-01	0.010	7.578E+00
xm2h	AF-P50061-F1-model_v6	2.407E-01	1.437E-01	8.939E-02	2.415E-01	0.010	9.186E+00
xm2h	AF-P0A0J2-F1-model_v6	2.299E-01	1.428E-01	8.974E-02	2.442E-01	0.010	7.578E+00
xm2h	AF-A7WZL3-F1-model_v6	2.622E-01	1.571E-01	6.193E-02	2.089E-01	0.010	6.665E+00
xm2h	AF-Q2G084-F1-model_v6	2.709E-01	1.620E-01	6.120E-02	2.127E-01	0.010	9.186E+00
